word_display,category,clue_text,clue_kind,difficulty,source
السويس,place,مدخل القناة الجنوبي,context,1,curated
الإسماعيلية,place,مدينة القناة,context,2,curated
شرم الشيخ,place,منتجع سيناوي,context,1,curated
الفيوم,place,واحة مصرية,context,2,curated
المنيا,place,عروس الصعيد,context,2,curated
قنا,place,مدينة جنوبية مصرية,context,3,curated
مرسى مطروح,place,مصيف مصري,context,2,curated
العريش,place,مدينة سيناوية,context,2,curated
دهب,place,منتجع الغوص,context,3,curated
بني سويف,place,مدينة مصرية,context,3,curated
المحلة الكبرى,place,مدينة النسيج,context,2,curated
شبين الكوم,place,مدينة منوفية,context,3,curated
كفر الشيخ,place,مدينة مصرية شمالية,context,3,curated
دمنهور,place,مدينة بحيرية,context,3,curated
العلمين,place,موقع معركة شهيرة,context,2,curated
سفاجا,place,ميناء مصري,context,3,curated
مرسى علم,place,منتجع مصري,context,3,curated
الخارجة,place,واحة مصرية كبرى,context,3,curated
الداخلة,place,مدينة صحراوية,context,3,curated
حلوان,place,مدينة مصرية,context,3,curated
سانت كاترين,place,دير سيناوي,context,3,curated
طابا,place,مدينة حدودية,context,3,curated
دندرة,place,معبد حتحور,context,3,curated
سقارة,place,الهرم المدرج,context,2,curated
منف,place,عاصمة فرعونية,context,2,curated
تل العمارنة,place,مدينة أخناتون,context,3,curated
الكرنك,place,معبد طيبة,context,2,curated
نويبع,place,ميناء سيناوي,context,3,curated
رأس سدر,place,منتجع سيناوي,context,3,curated
السلوم,place,مدينة حدودية مصرية,context,3,curated
بور فؤاد,place,توأم بورسعيد,context,3,curated
غرداية,place,مدينة ميزابية,context,2,curated
سكيكدة,place,ميناء جزائري,context,2,curated
جيجل,place,مدينة ساحلية جزائرية,context,3,curated
الشلف,place,مدينة جزائرية,context,3,curated
بشار,place,مدينة صحراوية جزائرية,context,3,curated
وادي سوف,place,مدينة القباب,context,2,curated
أدرار,place,ولاية صحراوية,context,3,curated
المدية,place,مدينة جزائرية,context,3,curated
تيبازة,place,آثار رومانية,context,2,curated
شرشال,place,مدينة أثرية,context,3,curated
سوق أهراس,place,مولد القديس أوغسطين,context,3,curated
قالمة,place,مدينة جزائرية,context,3,curated
خنشلة,place,مدينة أوراسية,context,3,curated
البويرة,place,مدينة جزائرية,context,3,curated
بومرداس,place,مدينة ساحلية,context,3,curated
جانت,place,واحة الطاسيلي,context,3,curated
الجلفة,place,مدينة السهوب,context,3,curated
برج بوعريريج,place,مدينة جزائرية,context,3,curated
عين صالح,place,واحة جزائرية,context,3,curated
سيدي بوسعيد,place,قرية زرقاء,context,2,curated
طبرقة,place,ميناء تونسي,context,3,curated
الكاف,place,مدينة تونسية,context,3,curated
جندوبة,place,مدينة تونسية,context,3,curated
القصرين,place,مدينة تونسية,context,3,curated
تطاوين,place,مدينة صحراوية,context,3,curated
دوز,place,باب الصحراء,context,3,curated
قليبية,place,ميناء تونسي,context,3,curated
الجم,place,مدرج روماني,context,2,curated
زغوان,place,مدينة تونسية,context,3,curated
مدنين,place,مدينة تونسية,context,3,curated
المرسى,place,ضاحية تونسية,context,3,curated
سيدي بوزيد,place,مدينة تونسية,context,3,curated
طبرق,place,ميناء ليبي,context,2,curated
غدامس,place,لؤلؤة الصحراء,context,2,curated
صبراتة,place,مسرح روماني,context,3,curated
الزاوية,place,مدينة ليبية,context,3,curated
سرت,place,مدينة ليبية,context,2,curated
غريان,place,مدينة جبلية ليبية,context,3,curated
أجدابيا,place,مدينة ليبية,context,3,curated
البريقة,place,ميناء نفطي,context,3,curated
غات,place,واحة ليبية,context,3,curated
الكفرة,place,واحة صحراوية,context,3,curated
قورينا,place,مدينة إغريقية,context,3,curated
البيضاء,place,مدينة ليبية,context,3,curated
نواذيبو,place,ميناء موريتاني,context,2,curated
شنقيط,place,مدينة المخطوطات,context,2,curated
وادان,place,مدينة تاريخية,context,3,curated
تيشيت,place,قصر صحراوي,context,3,curated
ولاتة,place,مدينة تراثية,context,3,curated
كيفة,place,مدينة موريتانية,context,3,curated
روصو,place,مدينة حدودية,context,3,curated
الزويرات,place,مدينة المناجم,context,3,curated
أزمور,place,مدينة مغربية,context,3,curated
زاكورة,place,مدينة صحراوية,context,3,curated
مرزوكة,place,كثبان رملية,context,2,curated
ميدلت,place,مدينة التفاح,context,3,curated
السعيدية,place,الجوهرة الزرقاء,context,2,curated
أصيلة,place,مدينة الفنون,context,2,curated
سجلماسة,place,مدينة تاريخية,context,3,curated
دير الزور,place,مدينة فراتية,context,2,curated
بانياس,place,مدينة ساحلية سورية,context,3,curated
إدلب,place,مدينة سورية,context,2,curated
درعا,place,مدينة حورانية,context,2,curated
السويداء,place,مدينة سورية,context,2,curated
القامشلي,place,مدينة سورية,context,3,curated
الحسكة,place,مدينة سورية,context,3,curated
معلولا,place,بلدة آرامية,context,2,curated
منبج,place,مدينة سورية,context,3,curated
إيبلا,place,مملكة سورية قديمة,context,3,curated
الرصافة,place,مدينة أموية,context,3,curated
جونية,place,خليج لبناني,context,3,curated
البترون,place,مدينة لبنانية,context,3,curated
بيت الدين,place,قصر لبناني,context,3,curated
النبطية,place,مدينة لبنانية,context,3,curated
عاليه,place,مصيف لبناني,context,3,curated
إهدن,place,بلدة جبلية,context,3,curated
جزين,place,بلدة لبنانية,context,3,curated
عنجر,place,مدينة أموية لبنانية,context,3,curated
السلط,place,مدينة أردنية,context,3,curated
مادبا,place,مدينة الفسيفساء,context,2,curated
الكرك,place,قلعة صليبية,context,2,curated
الطفيلة,place,مدينة أردنية,context,3,curated
الرمثا,place,مدينة أردنية,context,3,curated
المفرق,place,مدينة أردنية,context,3,curated
وادي رم,place,صحراء أردنية,context,2,curated
أم قيس,place,آثار جدارا,context,3,curated
رام الله,place,مدينة فلسطينية,context,1,curated
غزة,place,مدينة فلسطينية,context,1,curated
يافا,place,مدينة البرتقال,context,2,curated
عكا,place,مدينة الأسوار,context,2,curated
قلقيلية,place,مدينة فلسطينية,context,3,curated
صفد,place,مدينة جليلية,context,2,curated
اللد,place,مدينة فلسطينية,context,3,curated
الرملة,place,مدينة فلسطينية,context,3,curated
عسقلان,place,مدينة ساحلية قديمة,context,2,curated
بئر السبع,place,مدينة النقب,context,2,curated
خان يونس,place,مدينة فلسطينية,context,2,curated
رفح,place,مدينة حدودية,context,2,curated
بيسان,place,مدينة فلسطينية,context,3,curated
دير البلح,place,مدينة فلسطينية,context,3,curated
بيت جالا,place,بلدة فلسطينية,context,3,curated
النجف,place,مدينة عراقية,context,2,curated
الناصرية,place,مدينة عراقية,context,3,curated
الفلوجة,place,مدينة المساجد,context,2,curated
الحلة,place,مدينة عراقية,context,3,curated
أور,place,مدينة سومرية,context,2,curated
الرمادي,place,مدينة عراقية,context,3,curated
العمارة,place,مدينة عراقية,context,3,curated
الديوانية,place,مدينة عراقية,context,3,curated
الكوت,place,مدينة عراقية,context,3,curated
بعقوبة,place,مدينة عراقية,context,3,curated
تكريت,place,مولد صلاح الدين,context,2,curated
دهوك,place,مدينة كردية,context,3,curated
هيت,place,مدينة فراتية,context,3,curated
عانة,place,مدينة فراتية,context,3,curated
الزبير,place,مدينة عراقية,context,3,curated
سنجار,place,جبل عراقي,context,3,curated
نينوى,place,عاصمة آشورية,context,2,curated
الحيرة,place,مملكة المناذرة,context,3,curated
واسط,place,مدينة الحجاج,context,3,curated
الوركاء,place,مدينة جلجامش,context,2,curated
مكة,place,أم القرى,context,1,curated
يثرب,place,المدينة المنورة,context,1,curated
الخبر,place,مدينة سعودية,context,2,curated
القصيم,place,منطقة سعودية,context,2,curated
بريدة,place,مدينة التمور,context,2,curated
جازان,place,مدينة سعودية,context,2,curated
نجران,place,مدينة سعودية,context,2,curated
الجبيل,place,مدينة صناعية,context,2,curated
عنيزة,place,باريس نجد,context,3,curated
خميس مشيط,place,مدينة سعودية,context,3,curated
القطيف,place,واحة سعودية,context,3,curated
الهفوف,place,مدينة أحسائية,context,3,curated
الباحة,place,مدينة سعودية,context,3,curated
سكاكا,place,مدينة سعودية,context,3,curated
الظهران,place,مدينة نفطية,context,3,curated
العلا,place,آثار نبطية,context,2,curated
مدائن صالح,place,ديار ثمود,context,2,curated
رابغ,place,ميناء حجازي,context,3,curated
القنفذة,place,مدينة سعودية,context,3,curated
الخرج,place,مدينة سعودية,context,3,curated
الدرعية,place,عاصمة تاريخية,context,2,curated
الجوف,place,منطقة سعودية,context,3,curated
بيشة,place,مدينة سعودية,context,3,curated
تيماء,place,واحة تاريخية,context,3,curated
خيبر,place,واحة حجازية,context,2,curated
جبل علي,place,ميناء إماراتي,context,2,curated
كلباء,place,مدينة إماراتية,context,3,curated
ليوا,place,واحة إماراتية,context,3,curated
دبا,place,مدينة إماراتية,context,3,curated
مطرح,place,ميناء عماني,context,3,curated
البريمي,place,مدينة عمانية,context,3,curated
عبري,place,مدينة عمانية,context,3,curated
الرستاق,place,مدينة عمانية,context,3,curated
بهلاء,place,قلعة عمانية,context,3,curated
الدقم,place,ميناء عماني,context,3,curated
الخور,place,مدينة قطرية,context,3,curated
الوكرة,place,مدينة قطرية,context,3,curated
مسيعيد,place,مدينة صناعية قطرية,context,3,curated
الريان,place,مدينة قطرية,context,2,curated
الزبارة,place,موقع أثري قطري,context,3,curated
المحرق,place,مدينة بحرينية,context,2,curated
الرفاع,place,مدينة بحرينية,context,3,curated
الجهراء,place,مدينة كويتية,context,3,curated
الأحمدي,place,مدينة نفطية كويتية,context,3,curated
فيلكا,place,جزيرة كويتية,context,2,curated
الفحيحيل,place,مدينة كويتية,context,3,curated
عدن,place,ميناء يمني,context,1,curated
تعز,place,مدينة يمنية,context,2,curated
الحديدة,place,ميناء تهامي,context,2,curated
المكلا,place,ميناء حضرمي,context,2,curated
ذمار,place,مدينة يمنية,context,3,curated
مأرب,place,مدينة السد,context,2,curated
تريم,place,مدينة حضرمية,context,3,curated
سيئون,place,مدينة حضرمية,context,3,curated
زبيد,place,مدينة علمية,context,3,curated
المخا,place,ميناء البن,context,2,curated
حضرموت,place,إقليم يمني,context,2,curated
صعدة,place,مدينة يمنية,context,3,curated
أم درمان,place,توأم الخرطوم,context,2,curated
بورتسودان,place,ميناء سوداني,context,2,curated
كسلا,place,مدينة سودانية,context,3,curated
ود مدني,place,مدينة سودانية,context,3,curated
دنقلا,place,مدينة نوبية,context,3,curated
الفاشر,place,مدينة دارفورية,context,3,curated
نيالا,place,مدينة سودانية,context,3,curated
سواكن,place,ميناء تاريخي,context,3,curated
القضارف,place,مدينة سودانية,context,3,curated
شندي,place,مدينة سودانية,context,3,curated
كوستي,place,مدينة سودانية,context,3,curated
هرجيسا,place,مدينة صومالية,context,3,curated
بربرة,place,ميناء صومالي,context,3,curated
كيسمايو,place,ميناء صومالي,context,3,curated
بوصاصو,place,ميناء صومالي,context,3,curated
براوة,place,مدينة صومالية,context,3,curated
تاجورة,place,مدينة جيبوتية,context,3,curated
علي صبيح,place,مدينة جيبوتية,context,3,curated
موتسامودو,place,مدينة قمرية,context,3,curated
فومبوني,place,مدينة قمرية,context,3,curated
أنجوان,place,جزيرة قمرية,context,3,curated
