بسرعة,common,بوتيرة عالية,definition,2,curated
ببطء,common,دون عجلة,definition,2,curated
بشدة,common,بقوة زائدة,definition,2,curated
بقوة,common,بعزم وجلد,definition,2,curated
بهدوء,common,دون ضوضاء,definition,2,curated
بمحبة,common,بعاطفة دافئة,definition,2,curated
بحنان,common,بعطف ولطف,definition,2,curated
بقساوة,common,دون رحمة,definition,2,curated
بحزم,common,بصرامة وعزم,definition,2,curated
باختصار,common,دون إطالة,definition,2,curated
بدقة,common,بإتقان تام,definition,2,curated
بأمانة,common,دون خيانة,definition,2,curated
بحذر,common,دون تهور,definition,2,curated
بحماس,common,بشغف وعزيمة,definition,2,curated
بمرح,common,بفرح وبهجة,definition,2,curated
بحزن,common,بألم وكآبة,definition,2,curated
بفخر,common,باعتزاز وكبرياء,definition,2,curated
بخجل,common,بخفر وتحرج,definition,2,curated
بصبر,common,دون تذمر,definition,2,curated
بعجلة,common,بتسرع وسرعة,definition,2,curated
بلطف,common,برفق ومودة,definition,2,curated
بإهمال,common,دون اكتراث,definition,2,curated
بحرص,common,باهتمام وعناية,definition,2,curated
هنا,common,في هذا المكان,definition,2,curated
هناك,common,في ذلك المكان,definition,2,curated
هنالك,common,في مكان بعيد,definition,2,curated
أمام,common,في المقدمة,definition,2,curated
خلف,common,في الجهة الخلفية,definition,2,curated
فوق,common,في الأعلى,definition,2,curated
تحت,common,في الأسفل,definition,2,curated
يمين,common,الجهة اليمنى,definition,2,curated
يسار,common,الجهة اليسرى,definition,2,curated
داخل,common,في الجوف,definition,2,curated
خارج,common,في الخارج,definition,2,curated
قرب,common,على مسافة قصيرة,definition,2,curated
بعيد,common,على مسافة كبيرة,definition,2,curated
وراء,common,خلف الشيء,definition,2,curated
الآن,common,في هذه اللحظة,definition,2,curated
حالا,common,في الحين ذاته,definition,2,curated
فورا,common,دون تأخير,definition,2,curated
قريبا,common,في وقت قريب,definition,2,curated
عاجلا,common,بأسرع وقت,definition,2,curated
لاحقا,common,بعد ذلك,definition,2,curated
سابقا,common,في ما مضى,definition,2,curated
أبدا,common,في كل زمان,definition,2,curated
دائما,common,في جميع الأوقات,definition,2,curated
أحيانا,common,في بعض الأوقات,definition,2,curated
نادرا,common,قليلا ما يحدث,definition,2,curated
غالبا,common,في معظم الأحيان,definition,2,curated
عادة,common,في الغالب المعتاد,definition,2,curated
إن,common,أداة شرط,definition,2,curated
إذا,common,حرف شرط,definition,2,curated
لو,common,شرط امتناعي,definition,2,curated
حيث,common,في الموضع الذي,definition,2,curated
أينما,common,في أي مكان,definition,2,curated
متى,common,في أي وقت,definition,2,curated
كيف,common,بأي طريقة,definition,2,curated
لماذا,common,ما السبب,definition,2,curated
كم,common,سؤال عن عدد,definition,2,curated
ما,common,اسم استفهام,definition,2,curated
من,common,اسم استفهام عاقل,definition,2,curated
ثم,common,حرف عطف تراخ,definition,2,curated
أو,common,حرف تخيير,definition,2,curated
بل,common,حرف إضراب,definition,2,curated
لكن,common,حرف استدراك,definition,2,curated
حتى,common,غاية وانتهاء,definition,2,curated
أيضا,common,كذلك وزيادة,definition,2,curated
كذلك,common,على نفس المنوال,definition,2,curated
كما,common,على الوجه ذاته,definition,2,curated
في,common,حرف ظرفية,definition,2,curated
على,common,حرف استعلاء,definition,2,curated
إلى,common,حرف انتهاء غاية,definition,2,curated
عن,common,حرف مجاوزة,definition,2,curated
مع,common,حرف مصاحبة,definition,2,curated
خلال,common,ظرف داخل مدة,definition,2,curated
أثناء,common,في وسط الوقت,definition,2,curated
عبر,common,من خلال,definition,2,curated
أكثر,common,زيادة في العدد,definition,2,curated
أقل,common,نقصان في العدد,definition,2,curated
أفضل,common,الأحسن والأجود,definition,2,curated
أكبر,common,الأعظم حجما,definition,2,curated
