لاما,animal,حيوان جبلي جنوب أمريكي,حيوان ثديي من عائلة الجمليات يعيش في جبال الأنديز,2,curated
ألبكة,animal,شقيق اللاما بصوف ناعم,حيوان ثديي جنوب أمريكي يُربى من أجل صوفه الناعم,2,curated
جاكوار,animal,أكبر قطط أمريكا,قطة كبيرة مرقطة تعيش في غابات أمريكا الجنوبية,2,curated
كوغار,animal,أسد الجبل,قطة كبيرة أمريكية تُعرف أيضاً بالبوما,2,curated
أوسيلوت,animal,قطة مرقطة نادرة,قطة برية صغيرة مرقطة تعيش في أمريكا الوسطى,2,curated
سمور,animal,فروه ثمينة,حيوان ثديي صغير يُعرف بفروته الفاخرة في سيبيريا,2,curated
ميركات,animal,حارس الصحراء,حيوان صغير اجتماعي يعيش في مجموعات في أفريقيا,2,curated
إلكة,animal,أكبر أيائل أوروبا,حيوان ثديي كبير من عائلة الأيائل في أوروبا وآسيا,2,curated
موس,animal,أكبر أيائل أمريكا الشمالية,أكبر أنواع الأيائل يعيش في الغابات الشمالية,2,curated
رنة,animal,أيل القطب,أيل يعيش في المناطق القطبية ويُستخدم لجر الزلاجات,2,curated
كاريبو,animal,رنة أمريكا الشمالية,أيل كبير يهاجر مسافات طويلة في كندا وألاسكا,2,curated
آيبكس,animal,تيس الجبال الصخري,ماعز جبلي بقرون ضخمة مقوسة في جبال الألب,2,curated
أرغالي,animal,أكبر أغنام العالم,أكبر أنواع الأغنام البرية يعيش في آسيا الوسطى,2,curated
تابير,animal,خرطوم صغير,حيوان ثديي برمائي بخرطوم قصير يعيش في آسيا وأمريكا,2,curated
بنغول,animal,كرة الحراشف,حيوان ثديي مغطى بحراشف صلبة يتكور عند الخطر,2,curated
آكل النمل,animal,لسان لزج وقوي,حيوان طويل الأنف يتغذى على النمل والأبراج الترابية,2,curated
أرماديلو,animal,درع طبيعي,حيوان ثديي مغطى بدرع عظمي يعيش في أمريكا,2,curated
كسلان,animal,أبطأ ثديي,حيوان يتدلى من الأشجار ببطء شديد في أمريكا الجنوبية,2,curated
تيس الأنديز,animal,ماعز الجبال العالية,ماعز جبلي نادر يعيش في الأنديز الأمريكية,2,curated
حصان وحشي,animal,خيل أفريقيا الحر,خيل بري مخطط الجسم بالأبيض والأسود,2,curated
فلامنغو,animal,طائر وردي أنيق,طائر وردي اللون يقف على ساق واحدة قرب المياه,2,curated
طوقان,animal,منقار كبير ملون,طائر استوائي بمنقار ضخم ملون في أمريكا الجنوبية,2,curated
كاكاتو,animal,ببغاء الخوذة,ببغاء أبيض بعرف مميز يعيش في أستراليا,2,curated
ببغاء أمازوني,animal,ببغاء الغابة,ببغاء أخضر ذكي من غابات الأمازون,2,curated
طائر الجنة,animal,ريش ذهبي ساحر,طائر نادر بريش زاهٍ استثنائي في غينيا الجديدة,2,curated
طائر طنان,animal,أصغر طائر,أصغر طائر في العالم يطن بجناحيه بسرعة فائقة,2,curated
رفراف,animal,طيران ثابت لامع,طائر صغير أخضر اللون يحلق ثابتاً فوق الماء,2,curated
أبو حناء,animal,طائر الصحراء الأحمر,طائر صغير ذو صدر برتقالي يُعرف بصوته الحلو,2,curated
نسر ذهبي,animal,ملك السماء,أكبر وأقوى نسور نصف الكرة الشمالي,2,curated
نسر أصلع,animal,رمز أمريكا,نسر ذو رأس أبيض يُعدّ الرمز الوطني للولايات المتحدة,2,curated
عقاب البحر,animal,عقاب الأسماك,عقاب كبير يصطاد الأسماك من سطح الماء,2,curated
أوزة الأنديز,animal,طائر جبلي نادر,طائر كبير نادر يعيش في مرتفعات الأنديز,2,curated
قرش أبيض,animal,أخطر القروش,أكبر أسماك الصيد الفتاكة في المحيطات,2,curated
قرش الحوت,animal,أكبر سمكة,أكبر سمكة في العالم تتغذى على العوالق,2,curated
قرش الثور,animal,قرش المياه الضحلة,قرش خطير يعيش في المياه الضحلة والأنهار,2,curated
باراكودا,animal,سمك الرمح,سمكة طويلة سريعة ذات أسنان حادة في البحار الدافئة,2,curated
تونة زرقاء الزعنفة,animal,أسرع أسماك التونة,أكبر أنواع التونة وأسرعها في المحيطين الأطلسي والهادئ,2,curated
سمك السيف,animal,منقار طويل حاد,سمكة بحرية كبيرة ذات فك علوي مدبب كالسيف,2,curated
سيليكانث,animal,أحفورة حية,سمكة قديمة جداً ظُنّ انقراضها ثم اكتُشفت حية,2,curated
سمك المهرج,animal,سمكة شعاب ملونة,سمكة برتقالية ذات خطوط بيضاء تعيش في الشعاب المرجانية,2,curated
سمك الديسك,animal,سمكة القرص الملونة,سمكة مسطحة دائرية زاهية الألوان من نهر الأمازون,2,curated
أسماك الزينة,animal,سمك الحوض,أسماك صغيرة ملونة تُربى في الأحواض المنزلية,2,curated
فراشة الملك,animal,فراشة المهاجرة,فراشة برتقالية كبيرة تهاجر آلاف الكيلومترات,2,curated
يعسوب,animal,طائر الحشرات البهلواني,حشرة ذات جناحين شفافين تطير بخفة فوق الماء,2,curated
عنكبوت الطاووس,animal,عنكبوت الألوان,عنكبوت صغير ذو بطن ملونة يؤدي رقصة لجذب الأنثى,2,curated
لاكتروديكتوس,animal,العنكبوت الأرملة السوداء,عنكبوت سام خطير ذو بطن لامعة سوداء,2,curated
فرس النبي,animal,حشرة الصلاة,حشرة تمتد ذراعاها كالمصلي وتفترس الحشرات الأخرى,2,curated
خنفساء هرقل,animal,أكبر خنفساء,أكبر خنفساء في العالم تعيش في غابات أمريكا الاستوائية,2,curated
خنفساء غورغ,animal,خنفساء الأعماق الاستوائية,خنفساء كبيرة ذات قرون مميزة تعيش في أفريقيا,2,curated
سوسة النخيل,animal,حشرة النخل المدمرة,حشرة تضر بأشجار النخيل وأشجار النخيل الأخرى,2,curated
أخطبوط دامبو,animal,أخطبوط الأعماق,أخطبوط صغير يعيش في أعماق البحار بزعانف تشبه أذني دامبو,2,curated
حبار عملاق,animal,أكبر رخوي,أكبر حبار في العالم يعيش في الأعماق ويصارع الحيتان,2,curated
خيار البحر,animal,مكنسة قاع البحر,حيوان بحري أسطواني يتغذى على العوالق القاعية,2,curated
شقائق النعمان البحرية,animal,زهور البحر,حيوانات بحرية تشبه الزهور تلدغ فرائسها بخيوط سامة,2,curated
حصان البحر,animal,سمك الفارس,سمكة صغيرة تسبح عمودياً وتحمل أنثاها البيض في كيسه,2,curated
إسفنج البحر,animal,حيوان بلا دماغ,كائن بحري بدائي يُصفي الماء ليحصل على غذائه,2,curated
قنديل البحر,animal,كائن شفاف لازع,كائن بحري هلامي شفاف بلا دماغ ولا دم,2,curated
قط شيرازي,animal,قط الوجه الفطيس,قط طويل الشعر ذو وجه مسطح يُعرف بهدوئه,2,curated
قط سيامي,animal,قط الأعين الزرقاء,قط نحيل ذو عيون زرقاء وألوان ثنائية معروف بثرثرته,2,curated
قط بريطاني,animal,قط الرصيف البريطاني,قط هادئ مستدير الوجه والجسم يعيش في بريطانيا,2,curated
كلب جيرمن شيبرد,animal,كلب الشرطة,كلب ألماني ذكي يُستخدم في الشرطة والجيش وكلب مرشد,2,curated
كلب جولدن,animal,كلب الصداقة الذهبي,كلب أصفر ذهبي ودود يُستخدم كلب للإنقاذ والمساعدة,2,curated
كلب لابرادور,animal,كلب الأسرة المثالي,كلب شعبي ودود يُستخدم كلباً مرشداً وللإنقاذ,2,curated
كلب هاسكي,animal,كلب الزلاجات,كلب سيبيري ذو عيون زرقاء يجر الزلاجات في الثلج,2,curated
كلب بولدوغ,animal,كلب الوجه المجعد,كلب ذو وجه مجعد وجسم قصير يُعرف بطباعه الهادئة,2,curated
كلب بودل,animal,كلب الصالون الذكي,كلب جعد الشعر ذكي جداً يُربى في بيوت الأثرياء,2,curated
حصان عربي,animal,أرق الخيل,سلالة خيل أصيلة نادرة ذات جمال ورشاقة فائقة,2,curated
بقرة حلوب,animal,مصنع الحليب,بقرة مُربّاة خصيصاً لإنتاج كميات كبيرة من الحليب,2,curated
خروف بلدي,animal,غنم المراعي المحلية,نوع من الأغنام المحلية يُربى في المناطق الريفية,2,curated
ماعز جبلي,animal,وزواز الجبال,ماعز بري يتسلق المنحدرات الصخرية الشاهقة,2,curated
ديناصور,animal,ملك عالم قديم,زواحف عملاقة سيطرت على الأرض قبل 65 مليون سنة,2,curated
تيرانوصور,animal,أشرس الديناصورات,أضخم ديناصور مفترس بفم هائل وذراعين قصيرتين,2,curated
تريسيراتوبس,animal,ديناصور القرون الثلاثة,ديناصور عاشب ذو ثلاثة قرون وطوق عظمي حول رأسه,2,curated
برونتوصور,animal,ديناصور العنق الطويل,ديناصور عملاق عاشب ذو رقبة طويلة جداً,2,curated
فيلوسيرابتور,animal,ديناصور الصيد الذكي,ديناصور صغير مفترس سريع وذكي يصطاد في مجموعات,2,curated
ماموث,animal,فيل الجليد,فيل ضخم بأنياب طويلة مقوسة انقرض في العصر الجليدي,2,curated
نمر أسنان السيف,animal,قطة الأنياب الطويلة,قطة ضخمة منقرضة ذات أنياب علوية طويلة كالسيوف,2,curated
إكثيوصور,animal,دلفين قبل التاريخ,زاحف بحري منقرض يشبه الدلفين عاش مع الديناصورات,2,curated
بتروداكتيل,animal,تنين السماء القديم,زاحف طائر منقرض عاش في عصر الديناصورات,2,curated
تنين كومودو,animal,أكبر السحالي,أكبر سحلية حية في العالم تعيش في جزر إندونيسيا,2,curated
