قبة,architecture,سقف نصف كروي يعلو المباني الدينية,definition,2,curated
مئذنة,architecture,برج المسجد الذي يؤذن منه المؤذن,definition,2,curated
صومعة,architecture,برج أذان مربع في مساجد المغرب,definition,2,curated
محراب,architecture,تجويف في جدار المسجد يحدد القبلة,definition,2,curated
منبر,architecture,مصطبة خشبية في المسجد للخطيب,definition,2,curated
رواق,architecture,ممر مسقوف بأعمدة يطوق الفناء,definition,2,curated
إيوان,architecture,قاعة مفتوحة بقوس ضخم في العمارة الإسلامية,definition,2,curated
حنية,architecture,عقد نصف دائري غائر في الجدار,definition,2,curated
مشربية,architecture,نافذة خشبية مخرمة تقليدية,definition,2,curated
زليج,architecture,فسيفساء خزفية ملونة في الزخرفة المغربية,definition,2,curated
مقرنص,architecture,زخرفة معمارية بخلايا متداخلة كالنحل,definition,2,curated
فسيفساء,architecture,زخرفة من قطع صغيرة ملونة مرصوفة,definition,2,curated
أرابيسك,architecture,زخرفة هندسية نباتية متكررة في الفن الإسلامي,definition,2,curated
عقد,architecture,بناء منحنٍ يعلو فتحة أو فراغاً معمارياً,definition,2,curated
عقد متجاوز,architecture,قوس تتجاوز نقطتا ارتكازه مركز الدائرة,definition,2,curated
عقد مدبب,architecture,قوس مؤلف من قوسين يلتقيان بزاوية حادة,definition,2,curated
عقد فارسي,architecture,قوس منبعج الجوانب شائع في الفن الإيراني,definition,2,curated
طراز قوطي,architecture,طراز أوروبي بعقود مدببة وأبراج شاهقة,definition,2,curated
طراز روماني,architecture,طراز عمارة روما القديمة بالأعمدة والأقواس,definition,2,curated
طراز بيزنطي,architecture,طراز قسطنطينية بالقباب والفسيفساء الذهبية,definition,2,curated
طراز أندلسي,architecture,طراز غرناطة وإشبيلية بزخارف خشبية وجصية,definition,2,curated
طراز فاطمي,architecture,طراز الخلافة الفاطمية في مصر والمغرب,definition,2,curated
طراز عثماني,architecture,طراز القسطنطينية بالقباب والمآذن الرشيقة,definition,2,curated
طراز مغربي,architecture,طراز عمارة المغرب بالزليج والمشربية,definition,2,curated
طراز رومانسك,architecture,طراز أوروبي قبل القوطي بأقواس نصف دائرية,definition,2,curated
طراز نهضوي,architecture,طراز أوروبي محيي للعمارة اليونانية الرومانية,definition,2,curated
طراز باروك,architecture,طراز أوروبي فخم مزخرف من القرن السابع عشر,definition,2,curated
طراز روكوكو,architecture,طراز زخرفي خفيف ظريف تلا الباروك,definition,2,curated
طراز فيكتوري,architecture,طراز إنجليزي من عهد الملكة فيكتوريا,definition,2,curated
طراز نيوكلاسيك,architecture,طراز حديث مستوحى من الكلاسيكية اليونانية,definition,2,curated
طراز أرديكو,architecture,طراز هندسي زخرفي من عشرينيات القرن الماضي,definition,2,curated
طراز حديث,architecture,طراز معاصر يُقدّم الوظيفة على الزخرفة,definition,2,curated
حديقة معلقة,architecture,حديقة مشيدة فوق مستوى الأرض على أسطح أو أبراج,definition,2,curated
أعمدة,architecture,دعائم عمودية تحمل الأسقف والعقود,definition,2,curated
طنفسة,architecture,بروز أفقي يحمي الجدار من مياه الأمطار,definition,2,curated
إفريز,architecture,شريط أفقي مزخرف بين العتب والطنف,definition,2,curated
تيجان أعمدة,architecture,الجزء العلوي المزخرف للعمود المعماري,definition,2,curated
عتبة,architecture,حجر أفقي يعلو فتحة باب أو نافذة,definition,2,curated
عمود,architecture,دعامة أسطوانية عمودية في العمارة الكلاسيكية,definition,2,curated
رواق أعمدة,architecture,صف من الأعمدة يحمل عقوداً أو سقفاً,definition,2,curated
شرفة,architecture,منصة بارزة عن الجدار مسيجة بدرابزين,definition,2,curated
شرفة معلقة,architecture,شرفة بارزة محمولة على كوابيل معدنية,definition,2,curated
شرفة مكشوفة,architecture,تراس مفتوح بلا سقف في المباني الحديثة,definition,2,curated
رصيف,architecture,ممر مرتفع للمشاة على جانبي الطريق,definition,2,curated
رصيف بحري,architecture,منشأة ممتدة في الماء لرسو السفن,definition,2,curated
مدخل,architecture,فتحة الولوج الرئيسية إلى المبنى,definition,2,curated
باب,architecture,لوح متحرك يغلق فتحة مدخل أو غرفة,definition,2,curated
باب الفناء,architecture,بوابة تصل إلى الساحة الداخلية للمبنى,definition,2,curated
باب البلد,architecture,بوابة رئيسية في سور المدينة القديمة,definition,2,curated
بوابة,architecture,مدخل ضخم يُعلن عن مبنى أو مجمع معماري,definition,2,curated
صرح,architecture,برج ضخم يشكل مدخل المعبد المصري القديم,definition,2,curated
قنطرة,architecture,جسر حجري أو طيني يعلو ممراً أو واد,definition,2,curated
قنطرة جسر,architecture,عقد حجري يحمل طريقاً فوق نهر أو خندق,definition,2,curated
جسر قاطرة,architecture,جسر تمر فوقه قضبان القطار,definition,2,curated
جسر متحرك,architecture,جسر قابل للرفع أو الدوران لتمرير السفن,definition,2,curated
جسر معلق,architecture,جسر محمول بكابلات معلقة من أبراج عالية,definition,2,curated
نفق,architecture,ممر محفور أسفل الأرض أو الماء للمرور,definition,2,curated
خندق,architecture,حفرة دفاعية عميقة تحيط بالحصون والقلاع,definition,2,curated
سور,architecture,جدار دفاعي ضخم يحمي مدينة أو قلعة,definition,2,curated
سور مدينة,architecture,أسوار حجرية تحيط بالمدينة القديمة وتحميها,definition,2,curated
أسوار,architecture,منظومة جدران دفاعية تطوق المدن والحصون,definition,2,curated
حصن,architecture,منشأة عسكرية محصنة لحماية إقليم أو مدينة,definition,2,curated
قلعة,architecture,منشأة دفاعية ضخمة في مركز المدينة,definition,2,curated
حصن جبلي,architecture,قلعة مشيدة على قمة جبل لعلو الموقع,definition,2,curated
قصر,architecture,مبنى فخم فسيح لسكن الملوك والأمراء,definition,2,curated
قصر صيفي,architecture,مقر إقامة ملكي في المناطق الباردة صيفاً,definition,2,curated
قصر شتوي,architecture,مقر إقامة ملكي في المناطق الدافئة شتاءً,definition,2,curated
رياض,architecture,فناء داخلي مغربي مزخرف بنافورة وأشجار,definition,2,curated
حديقة عربية,architecture,حديقة منظمة بتقسيمات هندسية وقنوات ماء,definition,2,curated
نافورة,architecture,هيكل مائي يرمي الماء في الهواء زينةً,definition,2,curated
بركة,architecture,حوض ماء مكشوف في الأفنية والحدائق,definition,2,curated
ساحة,architecture,فضاء مفتوح واسع في وسط المدينة,definition,2,curated
ميدان,architecture,فضاء عام كبير تلتقي فيه طرق المدينة,definition,2,curated
خط أنابيب,architecture,شبكة أنابيب لنقل النفط أو الغاز أو الماء,definition,2,curated
قناة,architecture,مجرى مائي اصطناعي للري أو الملاحة,definition,2,curated
سد,architecture,حاجز ضخم يحبس مياه النهر لتخزينها,definition,2,curated
برج,architecture,مبنى شاهق ضيق القاعدة يعلو محيطه,definition,2,curated
قوس نصر,architecture,بوابة ضخمة مقببة تُشيد احتفاءً بانتصار عسكري,definition,2,curated
صهريج,architecture,خزان مبني تحت الأرض لتخزين المياه,definition,2,curated
طاق,architecture,عقد أو قوس حجري يعلو فتحة أو ممراً,definition,2,curated
