أبوللو,astronomy,برنامج ناسا للهبوط على القمر,definition,2,curated
فوياجر,astronomy,مسبار ناسا خارج المجموعة الشمسية,definition,2,curated
كاسيني,astronomy,مسبار درس زحل وحلقاته,definition,2,curated
هابل,astronomy,تلسكوب فضائي دار حول الأرض,definition,2,curated
جيمس ويب,astronomy,تلسكوب الأشعة تحت الحمراء الحديث,definition,2,curated
تشاندرا,astronomy,مرصد فضائي للأشعة السينية,definition,2,curated
كبلر,astronomy,تلسكوب ناسا لرصد الكواكب الخارجية,definition,2,curated
تايس,astronomy,مسح التلسكوب الفضائي للكوكبات الخارجية,definition,2,curated
ناسا,astronomy,وكالة الفضاء الأمريكية,definition,2,curated
وكالة الفضاء الأوروبية,astronomy,منظمة إيزا للاستكشاف الفضائي,definition,2,curated
روسكوزموس,astronomy,وكالة الفضاء الروسية,definition,2,curated
مير,astronomy,محطة فضائية روسية سابقة,definition,2,curated
ديمو,astronomy,مهمة سبيس إكس التجريبية,definition,2,curated
سبيس إكس,astronomy,شركة استكشاف الفضاء الخاصة,definition,2,curated
فالكون,astronomy,صاروخ سبيس إكس القابل لإعادة الاستخدام,definition,2,curated
دراغون,astronomy,كبسولة فضائية لسبيس إكس,definition,2,curated
ستارشيب,astronomy,مركبة سبيس إكس الكبرى بين الكواكب,definition,2,curated
ستارلينك,astronomy,شبكة أقمار الإنترنت لسبيس إكس,definition,2,curated
المحطة الفضائية الدولية,astronomy,محطة فضائية مشتركة في المدار,definition,2,curated
نيزك تشيليابينسك,astronomy,كويكب اخترق الغلاف الجوي عام ٢٠١٣,definition,2,curated
أيوس,astronomy,وكالة الفضاء اليابانية,definition,2,curated
يوروبا,astronomy,قمر المشتري ذو المحيط المخفي,definition,2,curated
تيتان,astronomy,أكبر أقمار زحل وبه أنهار,definition,2,curated
إنسيلادوس,astronomy,قمر زحل ينفث بخار الماء,definition,2,curated
ميماس,astronomy,قمر زحل الشبيه بنجم الموت,definition,2,curated
أيو,astronomy,قمر المشتري ذو البراكين النشطة,definition,2,curated
كاليستو,astronomy,قمر المشتري الأشد تأثراً بالفوهات,definition,2,curated
غانيميد,astronomy,أكبر أقمار المجموعة الشمسية,definition,2,curated
تريتون,astronomy,أكبر أقمار نبتون,definition,2,curated
فوبوس,astronomy,أحد قمري المريخ الأكثر اقتراباً,definition,2,curated
ديموس,astronomy,القمر الأصغر للمريخ,definition,2,curated
عطارد,astronomy,أقرب الكواكب إلى الشمس,definition,2,curated
الزهرة,astronomy,ألمع كوكب في سماء الليل,definition,2,curated
المريخ,astronomy,الكوكب الأحمر الجار للأرض,definition,2,curated
نبتون,astronomy,أبعد كواكب المجموعة الشمسية,definition,2,curated
حلقات زحل,astronomy,أحزمة الجليد والصخر حول زحل,definition,2,curated
حزام الكويكبات,astronomy,منطقة الصخور بين المريخ والمشتري,definition,2,curated
حزام كايبر,astronomy,منطقة الأجسام الجليدية خلف نبتون,definition,2,curated
سحابة أورت,astronomy,غلاف كروي بعيد من المذنبات,definition,2,curated
الكوكب القزم,astronomy,جرم دون مكتمل كبلوتو,definition,2,curated
إيريس,astronomy,كوكب قزم خلف حزام كايبر,definition,2,curated
هاوميا,astronomy,كوكب قزم بيضاوي الشكل,definition,2,curated
ماكيماكي,astronomy,كوكب قزم في حزام كايبر,definition,2,curated
بلوتو,astronomy,كوكب قزم عند حافة المجموعة الشمسية,definition,2,curated
ثقب أسود فوق ضخم,astronomy,ثقب أسود هائل في مركز المجرة,definition,2,curated
نجم نيوتروني,astronomy,بقية كثيفة لنجم انفجر,definition,2,curated
نجم نابض,astronomy,نجم نيوتروني يبعث نبضات راديوية,definition,2,curated
سديم السرطان,astronomy,بقية مستعر أعظم في برج الثور,definition,2,curated
مجرة المرأة المسلسلة,astronomy,أقرب مجرة حلزونية إلينا,definition,2,curated
مجرة السومبريرو,astronomy,مجرة تشبه قبعة مكسيكية,definition,2,curated
السوبرنوفا,astronomy,انفجار نجم ضخم في نهاية عمره,definition,2,curated
انفجار غاما,astronomy,أعنف انفجار إشعاعي في الكون,definition,2,curated
موجة جاذبية,astronomy,تموج في نسيج الزمكان,definition,2,curated
الكون المرئي,astronomy,حجم الكون الذي نستطيع رؤيته,definition,2,curated
التضخم الكوني,astronomy,توسع سريع للكون غداة الانفجار العظيم,definition,2,curated
الانفجار العظيم,astronomy,نشأة الكون قبل نحو ١٤ مليار سنة,definition,2,curated
الخلفية الميكروموجية,astronomy,إشعاع بقايا الانفجار العظيم,definition,2,curated
المادة المظلمة,astronomy,مادة غير مرئية تشكل معظم الكون,definition,2,curated
الطاقة المظلمة,astronomy,طاقة تسرع توسع الكون,definition,2,curated
توسع الكون,astronomy,تباعد المجرات في كل اتجاه,definition,2,curated
المشتري,astronomy,أكبر كواكب المجموعة الشمسية,definition,2,curated
زحل,astronomy,كوكب الحلقات المميزة,definition,2,curated
أورانوس,astronomy,كوكب يدور على جانبه,definition,2,curated
القمر الصناعي,astronomy,جسم اصطناعي يدور حول الأرض,definition,2,curated
المدار الجيوثابت,astronomy,مدار تبقى فيه الأقمار فوق نقطة ثابتة,definition,2,curated
الانجراف المداري,astronomy,تغير بطيء في مسار القمر الصناعي,definition,2,curated
الإطلاق الفضائي,astronomy,إرسال مركبة إلى خارج الغلاف الجوي,definition,2,curated
العودة إلى الغلاف الجوي,astronomy,دخول المركبة مجدداً في الغلاف,definition,2,curated
المركبة الفضائية,astronomy,وسيلة نقل في الفضاء الخارجي,definition,2,curated
برنامج أرتيميس,astronomy,مشروع ناسا للعودة إلى القمر,definition,2,curated
السير في الفضاء,astronomy,نشاط رائد خارج المركبة الفضائية,definition,2,curated
الرائد الفضائي,astronomy,إنسان يسافر إلى الفضاء,definition,2,curated
الأقمار الصناعية للاتصالات,astronomy,أقمار تنقل إشارات الاتصال,definition,2,curated
الأقمار الصناعية للاستشعار,astronomy,أقمار تصوّر سطح الأرض,definition,2,curated
الأقمار الصناعية للطقس,astronomy,أقمار ترصد الأحوال الجوية,definition,2,curated
نظام تحديد المواقع,astronomy,شبكة أقمار لتحديد الإحداثيات,definition,2,curated
الصاروخ الحامل,astronomy,صاروخ يرفع الحمولة إلى المدار,definition,2,curated
سرعة الإفلات,astronomy,السرعة اللازمة للخروج من جاذبية الأرض,definition,2,curated
الغلاف الجوي,astronomy,طبقات الهواء المحيطة بالأرض,definition,2,curated
ميتيور,astronomy,شهاب يحترق في الغلاف الجوي,definition,2,curated
