أوتاوا,أوتاوا,عاصمة كندا,مدينة,2,curated
واشنطن,واشنطن,عاصمة الولايات المتحدة الأمريكية,مدينة,2,curated
مكسيكو,مكسيكو,عاصمة المكسيك,مدينة,2,curated
هافانا,هافانا,عاصمة كوبا,مدينة,2,curated
كينغستون,كينغستون,عاصمة جامايكا,مدينة,2,curated
سان خوسيه,سان خوسيه,عاصمة كوستاريكا,مدينة,2,curated
باناما,باناما,عاصمة بنما,مدينة,2,curated
بوغوتا,بوغوتا,عاصمة كولومبيا,مدينة,2,curated
كيتو,كيتو,عاصمة الإكوادور,مدينة,2,curated
ليما,ليما,عاصمة بيرو,مدينة,2,curated
لاباز,لاباز,عاصمة بوليفيا الإدارية,مدينة,2,curated
أسونسيون,أسونسيون,عاصمة باراغواي,مدينة,2,curated
مونتيفيديو,مونتيفيديو,عاصمة الأوروغواي,مدينة,2,curated
سانتياغو,سانتياغو,عاصمة تشيلي,مدينة,2,curated
بوينس آيرس,بوينس آيرس,عاصمة الأرجنتين,مدينة,2,curated
برازيليا,برازيليا,عاصمة البرازيل,مدينة,2,curated
كاراكاس,كاراكاس,عاصمة فنزويلا,مدينة,2,curated
باراماريبو,باراماريبو,عاصمة سورينام,مدينة,2,curated
جورج تاون,جورج تاون,عاصمة غيانا,مدينة,2,curated
كاينين,كاينين,عاصمة غيانا الفرنسية,مدينة,2,curated
طوكيو,طوكيو,عاصمة اليابان,مدينة,2,curated
سيول,سيول,عاصمة كوريا الجنوبية,مدينة,2,curated
بيونغ يانغ,بيونغ يانغ,عاصمة كوريا الشمالية,مدينة,2,curated
بكين,بكين,عاصمة الصين,مدينة,2,curated
تايبيه,تايبيه,عاصمة تايوان,مدينة,2,curated
هانوي,هانوي,عاصمة فيتنام,مدينة,2,curated
بنوم بنه,بنوم بنه,عاصمة كمبوديا,مدينة,2,curated
فيينتيان,فيينتيان,عاصمة لاوس,مدينة,2,curated
يانغون,يانغون,أكبر مدن ميانمار وعاصمتها السابقة,مدينة,2,curated
نيبيداو,نيبيداو,عاصمة ميانمار,مدينة,2,curated
بانكوك,بانكوك,عاصمة تايلاند,مدينة,2,curated
كوالالمبور,كوالالمبور,عاصمة ماليزيا,مدينة,2,curated
جاكرتا,جاكرتا,عاصمة إندونيسيا السابقة,مدينة,2,curated
مانيلا,مانيلا,عاصمة الفلبين,مدينة,2,curated
باماكو,باماكو,عاصمة مالي,مدينة,2,curated
نواكشوط,نواكشوط,عاصمة موريتانيا,مدينة,2,curated
داكار,داكار,عاصمة السنغال,مدينة,2,curated
فريتاون,فريتاون,عاصمة سيراليون,مدينة,2,curated
بيساو,بيساو,عاصمة غينيا بيساو,مدينة,2,curated
كوناكري,كوناكري,عاصمة غينيا,مدينة,2,curated
أكرا,أكرا,عاصمة غانا,مدينة,2,curated
لومي,لومي,عاصمة توغو,مدينة,2,curated
أبوجا,أبوجا,عاصمة نيجيريا,مدينة,2,curated
ياوندي,ياوندي,عاصمة الكاميرون,مدينة,2,curated
باريس,باريس,عاصمة فرنسا,مدينة,2,curated
روما,روما,عاصمة إيطاليا,مدينة,2,curated
مدريد,مدريد,عاصمة إسبانيا,مدينة,2,curated
لشبونة,لشبونة,عاصمة البرتغال,مدينة,2,curated
أمستردام,أمستردام,عاصمة هولندا,مدينة,2,curated
بروكسل,بروكسل,عاصمة بلجيكا,مدينة,2,curated
برلين,برلين,عاصمة ألمانيا,مدينة,2,curated
فيينا,فيينا,عاصمة النمسا,مدينة,2,curated
برن,برن,عاصمة سويسرا,مدينة,2,curated
أوسلو,أوسلو,عاصمة النرويج,مدينة,2,curated
ستوكهولم,ستوكهولم,عاصمة السويد,مدينة,2,curated
هلسنكي,هلسنكي,عاصمة فنلندا,مدينة,2,curated
كوبنهاغن,كوبنهاغن,عاصمة الدنمارك,مدينة,2,curated
رايكيافيك,رايكيافيك,عاصمة آيسلندا,مدينة,2,curated
دبلن,دبلن,عاصمة إيرلندا,مدينة,2,curated
لندن,لندن,عاصمة المملكة المتحدة,مدينة,2,curated
أنقرة,أنقرة,عاصمة تركيا,مدينة,2,curated
نيقوسيا,نيقوسيا,عاصمة قبرص,مدينة,2,curated
أثينا,أثينا,عاصمة اليونان,مدينة,2,curated
بلغراد,بلغراد,عاصمة صربيا,مدينة,2,curated
صوفيا,صوفيا,عاصمة بلغاريا,مدينة,2,curated
بوخارست,بوخارست,عاصمة رومانيا,مدينة,2,curated
بودابست,بودابست,عاصمة المجر,مدينة,2,curated
فيلنيوس,فيلنيوس,عاصمة ليتوانيا,مدينة,2,curated
ريغا,ريغا,عاصمة لاتفيا,مدينة,2,curated
تالين,تالين,عاصمة إستونيا,مدينة,2,curated
فرنسي,فرنسي,نسبة إلى فرنسا,جنسية,2,curated
إيطالي,إيطالي,نسبة إلى إيطاليا,جنسية,2,curated
إسباني,إسباني,نسبة إلى إسبانيا,جنسية,2,curated
برتغالي,برتغالي,نسبة إلى البرتغال,جنسية,2,curated
ألماني,ألماني,نسبة إلى ألمانيا,جنسية,2,curated
إنجليزي,إنجليزي,نسبة إلى إنجلترا,جنسية,2,curated
روسي,روسي,نسبة إلى روسيا,جنسية,2,curated
صيني,صيني,نسبة إلى الصين,جنسية,2,curated
ياباني,ياباني,نسبة إلى اليابان,جنسية,2,curated
