قهوة,food,مشروب يُحضَّر من بن محمص,definition,2,curated
قهوة عربية,food,قهوة بالهيل تُقدَّم في دلة,definition,2,curated
قهوة تركية,food,قهوة مطحونة ناعمة تُغلى في ركوة,definition,2,curated
قهوة إسبريسو,food,قهوة إيطالية مركزة بضغط البخار,definition,2,curated
كابتشينو,food,إسبريسو مع حليب مُرغٍ ورغوة,definition,2,curated
لاتيه,food,إسبريسو مع حليب ساخن وفير,definition,2,curated
موكا,food,قهوة بالشوكولا والحليب,definition,2,curated
قهوة أمريكية,food,إسبريسو مخفَّف بالماء الساخن,definition,2,curated
قهوة مثلجة,food,قهوة تُقدَّم مع الثلج,definition,2,curated
قهوة فلتر,food,قهوة تُصفَّى بورق خاص,definition,2,curated
قهوة فرنسية,food,قهوة تُحضَّر في مكبس زجاجي,definition,2,curated
قهوة منزوعة الكافيين,food,قهوة خالية من المنبه,definition,2,curated
قهوة عضوية,food,قهوة من بن زُرع بلا مبيدات,definition,2,curated
بن محمص,food,حبوب قهوة بعد التحميص,definition,2,curated
بن مطحون,food,حبوب قهوة بعد الطحن,definition,2,curated
حبوب قهوة,food,بذور نبتة البن قبل الطحن,definition,2,curated
طحان قهوة,food,جهاز لطحن حبوب البن,definition,2,curated
آلة قهوة,food,جهاز يُحضِّر القهوة بالضغط,definition,2,curated
فنجان قهوة,food,وعاء صغير لتقديم القهوة,definition,2,curated
دلة,food,إبريق تقليدي لقهوة عربية,definition,2,curated
ركوة,food,وعاء نحاسي لإعداد القهوة التركية,definition,2,curated
شاي,food,مشروب من أوراق الشاي المنقوعة,definition,2,curated
شاي أحمر,food,شاي مُخمَّر بالكامل داكن اللون,definition,2,curated
شاي أخضر,food,شاي خفيف غير مُخمَّر,definition,2,curated
شاي أبيض,food,شاي نادر من براعم الشاي,definition,2,curated
شاي بالنعناع,food,شاي مغربي بإضافة نعناع طازج,definition,2,curated
شاي مغربي,food,شاي أخضر بالنعناع والسكر,definition,2,curated
شاي تركي,food,شاي أحمر يُقدَّم في كأس مستقيم,definition,2,curated
شاي إنجليزي,food,شاي أسود مع الحليب,definition,2,curated
شاي هندي,food,شاي مُتبَّل بالكاري والحليب,definition,2,curated
شاي أعشاب,food,منقوع من نباتات طبية متنوعة,definition,2,curated
شاي بابونج,food,منقوع مهدئ من زهرة البابونج,definition,2,curated
شاي ميرامية,food,منقوع من نبتة المريمية,definition,2,curated
شاي يانسون,food,منقوع من بذور اليانسون,definition,2,curated
شاي زنجبيل,food,منقوع حار من جذر الزنجبيل,definition,2,curated
شاي قرفة,food,منقوع عطري من عود القرفة,definition,2,curated
شاي زعتر,food,منقوع من نبتة الزعتر البري,definition,2,curated
شاي عسل,food,شاي مُحلَّى بالعسل الطبيعي,definition,2,curated
كرك,food,شاي هندي بالحليب والبهارات,definition,2,curated
عصير برتقال,food,عصير طازج من ثمار البرتقال,definition,2,curated
عصير ليمون,food,عصير حامض من ثمار الليمون,definition,2,curated
عصير تفاح,food,عصير من ثمار التفاح الطازجة,definition,2,curated
عصير مانجو,food,عصير استوائي من ثمرة المانجو,definition,2,curated
عصير فراولة,food,عصير أحمر من ثمار الفراولة,definition,2,curated
عصير عنب,food,عصير من حبات العنب,definition,2,curated
عصير رمان,food,عصير غني بالمضادات من الرمان,definition,2,curated
عصير جزر,food,عصير برتقالي من الجزر,definition,2,curated
عصير قصب,food,عصير حلو من ساق قصب السكر,definition,2,curated
عصير بطيخ,food,عصير صيفي منعش من البطيخ,definition,2,curated
عصير أناناس,food,عصير استوائي حامض ومنعش,definition,2,curated
قمر الدين,food,عصير مشمش مجفف مُركَّز,definition,2,curated
شراب توت,food,مشروب حلو من عصير التوت,definition,2,curated
شربات,food,مشروب بارد محلى بالفواكه,definition,2,curated
عيران,food,مشروب لبني مالح ومنعش,definition,2,curated
لبن رايب,food,حليب مُخمَّر خفيف,definition,2,curated
ميلك شيك,food,مشروب حليب مخفوق بالآيس كريم,definition,2,curated
سموثي,food,مشروب كثيف من فواكه مهروسة,definition,2,curated
ميلك شيك بالشوكولا,food,ميلك شيك بنكهة الشوكولا,definition,2,curated
ميلك شاي,food,مشروب شاي مع الحليب مثلج,definition,2,curated
مشروب الكاكاو,food,مشروب دافئ من مسحوق الكاكاو,definition,2,curated
مشروب الشوكولا,food,شوكولا سائلة ساخنة أو باردة,definition,2,curated
مشروب الفانيليا,food,مشروب حليب بنكهة الفانيليا,definition,2,curated
ماء ورد,food,ماء مُقطَّر من بتلات الورد,definition,2,curated
ماء زهر,food,ماء زهر البرتقال المُقطَّر,definition,2,curated
مياه غازية,food,ماء مُشبَّع بثاني أكسيد الكربون,definition,2,curated
عصير طاقة,food,مشروب منبه بالكافيين والسكر,definition,2,curated
ضيافة,food,تقديم المشروبات والحلوى للضيف,definition,2,curated
إكرام الضيف,food,حسن استقبال الضيف بالشراب والطعام,definition,2,curated
تقديم القهوة,food,طقس تقديم القهوة للضيوف,definition,2,curated
مجلس قهوة,food,تجمع للحديث مع القهوة العربية,definition,2,curated
صينية ضيافة,food,طبق لتقديم الشراب والحلوى,definition,2,curated
إبريق نحاسي,food,إبريق تقليدي لتقديم الشاي,definition,2,curated
إبريق فضي,food,إبريق ثمين لمجالس الضيافة,definition,2,curated
فنجان أول,food,أول فنجان يُقدَّم للضيف,definition,2,curated
فنجان مع الحلوى,food,قهوة تُقدَّم مع الحلويات,definition,2,curated
تخت قهوة,food,طاولة صغيرة لأدوات القهوة,definition,2,curated
حلوى مع القهوة,food,مقبلات حلوة ترافق فنجان القهوة,definition,2,curated
فروزن,food,مشروب ثلجي مخلوط بالفاكهة,definition,2,curated
كولا,food,مشروب غازي داكن بنكهة الكولا,definition,2,curated
صودا,food,مشروب غازي بنكهات متنوعة,definition,2,curated
