النابغة الذبياني,person,شاعر جاهلي من أصحاب المعلقات,definition,2,curated
زهير بن أبي سلمى,person,شاعر جاهلي حكيم,definition,2,curated
لبيد بن ربيعة,person,شاعر جاهلي أسلم وترك الشعر,definition,2,curated
الأعشى الكبير,person,شاعر جاهلي لقب بصناجة العرب,definition,2,curated
حسان بن ثابت,person,شاعر مدح النبي,definition,2,curated
الأخطل التغلبي,person,شاعر أموي نصراني,definition,2,curated
ابن خفاجة الأندلسي,person,شاعر أندلسي وصف الطبيعة,definition,2,curated
ابن سناء الملك,person,شاعر مصري أحب الموشحات,definition,2,curated
حفصة الركونية,person,شاعرة أندلسية من غرناطة,definition,2,curated
ابن دراج القسطلي,person,شاعر أندلسي مديح,definition,2,curated
ابن الأبار البلنسي,person,أديب ومؤرخ أندلسي,definition,2,curated
الفرغاني,person,فلكي عربي شرح المجسطي,definition,2,curated
الزرقالي,person,فلكي أندلسي بنى الإسطرلاب,definition,2,curated
أبو معشر البلخي,person,فلكي منجم عباسي,definition,2,curated
أبو الوفاء البوزجاني,person,رياضي وفلكي عباسي,definition,2,curated
أبو كامل الحاسب,person,رياضي مصري من تلاميذ الخوارزمي,definition,2,curated
جمشيد الكاشي,person,رياضي أتقن حساب الأعداد,definition,2,curated
السكاكي الخوارزمي,person,بلاغي صاحب مفتاح العلوم,definition,2,curated
أبو حيان الأندلسي,person,نحوي أندلسي كبير,definition,2,curated
ثعلب الكوفي,person,نحوي ولغوي كوفي,definition,2,curated
ابن فارس الرازي,person,لغوي صاحب مقاييس اللغة,definition,2,curated
ابن مالك الأندلسي,person,نحوي ناظم الألفية,definition,2,curated
أبو عبيدة التيمي,person,لغوي وراوية بصري,definition,2,curated
الزجاجي النحوي,person,نحوي صاحب كتاب الجمل,definition,2,curated
علي بن عيسى الكحال,person,طبيب عيون عباسي,definition,2,curated
ابن جلجل الأندلسي,person,طبيب وصيدلاني أندلسي,definition,2,curated
حنين بن إسحاق العبادي,person,طبيب ومترجم سرياني,definition,2,curated
الجنيد البغدادي,person,سيد الطائفة الصوفية,definition,2,curated
ابن عربي الأندلسي,person,صوفي الشيخ الأكبر,definition,2,curated
الجيلاني البغدادي,person,ولي صوفي مؤسس القادرية,definition,2,curated
الشاذلي المغربي,person,مؤسس الطريقة الشاذلية,definition,2,curated
القزويني الجغرافي,person,جغرافي صاحب آثار البلاد,definition,2,curated
المقدسي البشاري,person,جغرافي رحالة عربي,definition,2,curated
ابن الأثير الجزري,person,مؤرخ صاحب الكامل في التاريخ,definition,2,curated
البلاذري الجغرافي,person,مؤرخ صاحب فتوح البلدان,definition,2,curated
ابن الجوزي الحنبلي,person,عالم حنبلي وواعظ بغدادي,definition,2,curated
ابن عساكر الدمشقي,person,مؤرخ ومحدث دمشقي,definition,2,curated
الخليل بن أحمد الفراهيدي,person,واضع علم العروض والمعجم,definition,2,curated
التوحيدي البغدادي,person,فيلسوف وأديب عباسي,definition,2,curated
ابن مسكويه الرازي,person,فيلسوف ومؤرخ عباسي,definition,2,curated
المبرد البصري,person,نحوي بصري صاحب الكامل,definition,2,curated
ابن دريد الأزدي,person,لغوي وشاعر بصري,definition,2,curated
ابن المعتز العباسي,person,شاعر عباسي وخليفة ليوم,definition,2,curated
بشار بن برد العقيلي,person,شاعر عباسي أعمى مجدد,definition,2,curated
أبو العتاهية الشاعر,person,شاعر زهد في العصر العباسي,definition,2,curated
ديك الجن الحمصي,person,شاعر عباسي رومانسي,definition,2,curated
ابن عبد ربه القرطبي,person,أديب أندلسي صاحب العقد الفريد,definition,2,curated
الحريري البصري,person,أديب صاحب المقامات المشهورة,definition,2,curated
الجاحظ البصري,person,أديب معتزلي صاحب البيان والتبيين,definition,2,curated
جرير بن عطية,person,شاعر هجاء أموي من اليمامة,definition,2,curated
الفرزدق التميمي,person,شاعر هجاء أموي كبير,definition,2,curated
النابغة الجعدي,person,شاعر أسلم وعاش طويلا,definition,2,curated
ابن سهل الأندلسي,person,شاعر أندلسي يهودي الأصل,definition,2,curated
ابن قزمان القرطبي,person,شاعر أندلسي ابتكر الزجل,definition,2,curated
الخنساء الشاعرة,person,شاعرة رثاء جاهلية إسلامية,definition,2,curated
البوصيري المصري,person,شاعر صاحب البردة في مدح النبي,definition,2,curated
الشاطبي الأندلسي,person,عالم قراءات أندلسي ناظمها,definition,2,curated
المأمون العباسي,person,خليفة عباسي رعى بيت الحكمة,definition,2,curated
المنصور العباسي,person,خليفة عباسي أسس مدينة بغداد,definition,2,curated
المعتصم العباسي,person,خليفة عباسي أسس مدينة سامراء,definition,2,curated
السفاح العباسي,person,أول خلفاء الدولة العباسية,definition,2,curated
عبد الملك بن مروان,person,خليفة أموي وحّد العملة والدواوين,definition,2,curated
هشام بن عبد الملك,person,خليفة أموي قوّى الإدارة,definition,2,curated
عبد الرحمن الناصر,person,خليفة أموي أندلسي بلغ أوج المجد,definition,2,curated
المستنصر بالله,person,خليفة عباسي بنى المستنصرية,definition,2,curated
السلطان سليم الأول,person,سلطان عثماني فتح مصر والشام,definition,2,curated
السلطان قانصوه الغوري,person,آخر سلاطين المماليك قبل العثمانيين,definition,2,curated
المعتضد العباسي,person,خليفة عباسي أعاد هيبة الخلافة,definition,2,curated
المعتمد العباسي,person,خليفة عباسي آخر عهد الازدهار,definition,2,curated
رابعة العدوية البصرية,person,شاعرة صوفية بصرية,definition,2,curated
الحلاج الصوفي,person,صوفي مقتول بتهمة الحلول,definition,2,curated
السهروردي الفيلسوف,person,فيلسوف الإشراق الإسلامي,definition,2,curated
البسطامي أبو يزيد,person,صوفي إيراني من الأوائل,definition,2,curated
ابن الفارض المصري,person,شاعر صوفي مصري,definition,2,curated
ياقوت الحموي الجغرافي,person,جغرافي صاحب معجم البلدان,definition,2,curated
ثابت بن قرة الحراني,person,رياضي ومترجم حراني,definition,2,curated
ابن حيان القرطبي,person,مؤرخ أندلسي كبير,definition,2,curated
ابن جبير الأندلسي,person,رحالة أندلسي كتب رحلته,definition,2,curated
عمر بن أبي ربيعة القرشي,person,شاعر غزل أموي مكي,definition,2,curated
ولادة بنت المستكفي القرطبية,person,شاعرة أندلسية أحبت ابن زيدون,definition,2,curated
عائشة التيمورية الشاعرة,person,شاعرة مصرية أديبة من القرن التاسع عشر,definition,2,curated
صفي الدين الحلي الشاعر,person,شاعر عراقي في العهد المملوكي,definition,2,curated
الوليد بن عبد الملك الأموي,person,خليفة أموي بنى المسجد الأقصى,definition,2,curated
عمر بن عبد العزيز الأموي,person,خليفة أموي عُرف بعدله ووعده,definition,2,curated
عبد الرحمن الداخل الأموي,person,أمير أموي أسس الإمارة بالأندلس,definition,2,curated
طارق بن زياد الفاتح,person,قائد فتح الأندلس ببحر الزقاق,definition,2,curated
موسى بن نصير الليثي,person,قائد عربي أتم فتح المغرب,definition,2,curated
عقبة بن نافع الفهري,person,قائد بنى مدينة القيروان,definition,2,curated
يوسف بن تاشفين المرابطي,person,مؤسس الدولة المرابطية ومراكش,definition,2,curated
عبد المؤمن بن علي الكومي,person,مؤسس الدولة الموحدية,definition,2,curated
صلاح الدين يوسف الأيوبي,person,قائد حرر بيت المقدس,definition,2,curated
بيبرس البندقداري المملوكي,person,سلطان مملوكي هزم المغول,definition,2,curated
قطز المعزي السلطان,person,سلطان مملوكي انتصر في عين جالوت,definition,2,curated
أبو الفرج ابن الجوزي,person,عالم حنبلي ومؤرخ بغدادي,definition,2,curated
قدامة بن جعفر الكاتب,person,ناقد أدبي عباسي,definition,2,curated
الشريف الرضي الموسوي,person,شاعر علوي جمع نهج البلاغة,definition,2,curated
الراغب الأصفهاني الأديب,person,مفكر ولغوي صاحب المفردات,definition,2,curated
الأصمعي البصري الراوية,person,راوية شعر وأخباري بصري,definition,2,curated
ابن الشاطر الدمشقي,person,فلكي دمشقي نقد نظام بطليموس,definition,2,curated
الطوسي نصير الدين,person,فلكي ورياضي إيراني,definition,2,curated
