أريكة جلدية,home,كنبة مصنوعة من الجلد الطبيعي,definition,2,curated
أريكة قماشية,home,كنبة مغطاة بالقماش,definition,2,curated
كنبة زاوية,home,أريكة على شكل حرف L,definition,2,curated
كنبة سرير,home,أريكة تتحول إلى سرير,definition,2,curated
فوتاي,home,كرسي وثير بمسندين جانبيين,definition,2,curated
صوفا,home,أريكة أنيقة للجلوس,definition,2,curated
تختة,home,منصة خشبية للجلوس أو النوم,definition,2,curated
سرير ملكي,home,سرير كبير جداً فاخر,definition,2,curated
سرير مزدوج,home,سرير لشخصين,definition,2,curated
سرير فردي,home,سرير لشخص واحد,definition,2,curated
سرير أطفال,home,سرير صغير للأطفال,definition,2,curated
طاولة قهوة,home,طاولة منخفضة أمام الأريكة,definition,2,curated
طاولة طعام,home,طاولة كبيرة للأكل,definition,2,curated
طاولة مكتب,home,طاولة للعمل والكتابة,definition,2,curated
طاولة سفرة,home,طاولة غرفة الأكل الرسمية,definition,2,curated
طاولة جانبية,home,طاولة صغيرة بجانب الأريكة,definition,2,curated
طاولة ضيوف,home,طاولة وسط الصالون للضيوف,definition,2,curated
مكتبة,home,خزانة زجاجية لحفظ الكتب,definition,2,curated
رف كتب,home,لوح حائطي يحمل الكتب,definition,2,curated
خزانة ملابس,home,أثاث يحفظ فيه الملابس,definition,2,curated
خزانة أحذية,home,أثاث مخصص لتخزين الأحذية,definition,2,curated
دولاب,home,خزانة ذات أبواب للملابس,definition,2,curated
صوان,home,خزانة زجاجية لعرض التحف,definition,2,curated
تسريحة,home,طاولة مرآة لتمشيط الشعر,definition,2,curated
مرآة كبيرة,home,مرآة طولية تعكس الجسم كاملاً,definition,2,curated
مرآة دائرية,home,مرآة على شكل دائرة,definition,2,curated
تابلوه,home,لوحة ديكورية تزيين الجدار,definition,2,curated
إطار صور,home,برواز يحفظ الصور,definition,2,curated
لوحة جدارية,home,رسم فني يعلق على الجدار,definition,2,curated
ستارة عازلة,home,ستارة تمنع الصوت والضوء,definition,2,curated
ستارة شفافة,home,ستارة رقيقة نصف شفافة,definition,2,curated
ستارة معتمة,home,ستارة تحجب الضوء تماماً,definition,2,curated
قاطع ستارة,home,شريط يثبت الستارة جانباً,definition,2,curated
عمود ستارة,home,قضيب معدني تعلق عليه الستارة,definition,2,curated
بساط فارسي,home,سجادة فارسية منسوجة يدوياً,definition,2,curated
بساط مغربي,home,سجادة مغربية تقليدية,definition,2,curated
بساط بربري,home,سجادة أمازيغية بنقوش هندسية,definition,2,curated
بساط حرير,home,سجادة فاخرة من الحرير,definition,2,curated
مكدد,home,طاولة صغيرة جانبية للأشياء,definition,2,curated
وسادة ديكور,home,وسادة زخرفية للأريكة,definition,2,curated
وسادة سرير,home,وسادة لدعم الرأس في النوم,definition,2,curated
شراشف,home,أقمشة تغطي مرتبة السرير,definition,2,curated
لحاف صيفي,home,غطاء خفيف لفصل الصيف,definition,2,curated
لحاف شتوي,home,غطاء ثقيل دافئ للشتاء,definition,2,curated
بطانية صوف,home,غطاء دافئ من الصوف الطبيعي,definition,2,curated
بطانية قطن,home,غطاء خفيف من القطن,definition,2,curated
فراش طبي,home,مرتبة مصممة لراحة الظهر,definition,2,curated
فراش إسفنجي,home,مرتبة من الإسفنج المضغوط,definition,2,curated
فراش زنبركي,home,مرتبة بنوابض داخلية,definition,2,curated
خاتم ركن,home,طاولة صغيرة لزاوية الغرفة,definition,2,curated
صنبور,home,حنفية يتدفق منها الماء,definition,2,curated
حنفية,home,جهاز يتحكم في تدفق الماء,definition,2,curated
مغسلة,home,حوض لغسل اليدين والوجه,definition,2,curated
حوض جلوس,home,حوض استحمام للجلوس,definition,2,curated
حوض استحمام,home,وعاء كبير للاستحمام,definition,2,curated
دش,home,رأس مياه للاستحمام وقوفاً,definition,2,curated
مرحاض,home,جهاز صحي لقضاء الحاجة,definition,2,curated
مرحاض معلق,home,مرحاض مثبت على الجدار,definition,2,curated
خزان مياه,home,وعاء كبير يخزن الماء,definition,2,curated
قطعة سيراميك,home,بلاطة مصنوعة من السيراميك,definition,2,curated
بلاط,home,قطع صلبة تغطي الأرضية,definition,2,curated
باركيه,home,أرضية خشبية مفصصة,definition,2,curated
أرضية خشبية,home,أرضية مصنوعة من الخشب,definition,2,curated
أرضية بلاستيكية,home,أرضية من مواد اصطناعية,definition,2,curated
رخام أرضي,home,أرضية من الرخام الطبيعي,definition,2,curated
إضاءة سقفية,home,مصباح مثبت في السقف,definition,2,curated
إضاءة جانبية,home,مصباح على الجدار الجانبي,definition,2,curated
إضاءة طاولة,home,مصباح يوضع على الطاولة,definition,2,curated
مصباح أرضي,home,مصباح طويل يقف على الأرض,definition,2,curated
مصباح حائط,home,مصباح مثبت على الجدار,definition,2,curated
شمعدان,home,حامل معدني للشموع,definition,2,curated
أرابسك سقفي,home,زخرفة هندسية إسلامية في السقف,definition,2,curated
