بيضة,idiom,نادر الوجود,idiom,2,curated
قبضة,idiom,شدة وحزم,idiom,2,curated
لسان,idiom,بليغ القول,idiom,2,curated
حنين,idiom,شوق للماضي,idiom,2,curated
سرعة البديهة,idiom,سرعة الفهم,idiom,2,curated
شعرة معاوية,idiom,ذكاء سياسي,idiom,2,curated
أم الكتاب,idiom,الفاتحة,idiom,2,curated
خرج عن طوره,idiom,غضب شديد,idiom,2,curated
طويل اللسان,idiom,كثير الكلام,idiom,2,curated
طيب القلب,idiom,رقيق المشاعر,idiom,2,curated
خفيف اليد,idiom,سريع العمل,idiom,2,curated
ثقيل الدم,idiom,ممل لا يُحتمل,idiom,2,curated
عين الحسود,idiom,حسد وضغينة,idiom,2,curated
رأس الحكمة,idiom,مبدأ الحكمة,idiom,2,curated
قلب الأسد,idiom,شجاعة وجرأة,idiom,2,curated
يد بيضاء,idiom,معروف وفضل,idiom,2,curated
ذهب الكلام,idiom,حسن البيان,idiom,2,curated
بحر العلم,idiom,واسع المعرفة,idiom,2,curated
نور العقل,idiom,وضوح الفكر,idiom,2,curated
ريح التغيير,idiom,تحول وجديد,idiom,2,curated
مكر الثعلب,idiom,الدهاء والحيلة,idiom,2,curated
شجاعة الأسد,idiom,قوة وإقدام,idiom,2,curated
غباء الحمار,idiom,قلة الفهم,idiom,2,curated
مكر الذئب,idiom,خداع ودهاء,idiom,2,curated
سلام الحمامة,idiom,رمز التسامح,idiom,2,curated
كرم الضيافة,idiom,حسن الاستقبال,idiom,2,curated
خبز وملح,idiom,عهد الصداقة,idiom,2,curated
قهوة الضيف,idiom,كرم الضيافة,idiom,2,curated
الصبر مفتاح الفرج,idiom,الأمل بعد الضيق,idiom,2,curated
الوقت كالسيف,idiom,أهمية الوقت,idiom,2,curated
حبل الكذب قصير,idiom,الكذب ينكشف,idiom,2,curated
العقل زينة,idiom,الحكمة فضيلة,idiom,2,curated
الحليم سيد,idiom,الصبر قوة,idiom,2,curated
رمل البحر,idiom,كثرة لا تعد,idiom,2,curated
شمس الحق,idiom,وضوح الحقيقة,idiom,2,curated
قمر التمام,idiom,الجمال الكامل,idiom,2,curated
نهر الحياة,idiom,استمرار الوجود,idiom,2,curated
ضوء القمر,idiom,الهدى في الظلام,idiom,2,curated
ذكاء الحكيم,idiom,عمق التفكير,idiom,2,curated
برد الأعصاب,idiom,الهدوء والرباطة,idiom,2,curated
غسيل الأيدي,idiom,التبرؤ من الأمر,idiom,2,curated
إغلاق الباب,idiom,قطع الأمل,idiom,2,curated
فتح الباب,idiom,إعطاء الفرصة,idiom,2,curated
قطع الطريق,idiom,منع السبيل,idiom,2,curated
رفع الرأس,idiom,الاعتزاز والكبرياء,idiom,2,curated
كسر الجليد,idiom,بدء الحوار,idiom,2,curated
وضع النقاط,idiom,توضيح الحقائق,idiom,2,curated
رمى الحجر,idiom,إثارة المشكلة,idiom,2,curated
مسّ الوتر,idiom,إثارة الحساسية,idiom,2,curated
حرق السفن,idiom,لا عودة للوراء,idiom,2,curated
أكل الملح,idiom,الوفاء والعرفان,idiom,2,curated
ضرب الحديد,idiom,الاستعجال والحزم,idiom,2,curated
بيت العنكبوت,idiom,الهشاشة والضعف,idiom,2,curated
جناح الذل,idiom,التواضع والخضوع,idiom,2,curated
حمل الهم,idiom,الغم والثقل,idiom,2,curated
شرب الغم,idiom,الحزن العميق,idiom,2,curated
أكل الهموم,idiom,الانغماس في الحزن,idiom,2,curated
سكب الدموع,idiom,الحزن والبكاء,idiom,2,curated
طاش العقل,idiom,فقدان الصواب,idiom,2,curated
غاب عن الذهن,idiom,نسيان تام,idiom,2,curated
أضاء الطريق,idiom,هدى وأرشد,idiom,2,curated
قاد الدفة,idiom,تولى القيادة,idiom,2,curated
بلع المر,idiom,تحمل الأذى,idiom,2,curated
شرب الكأس,idiom,تحمل العواقب,idiom,2,curated
عض الأصابع,idiom,الندم الشديد,idiom,2,curated
قضم الحسرة,idiom,الأسى والحرمان,idiom,2,curated
طال البال,idiom,الصبر الطويل,idiom,2,curated
ضاق الصدر,idiom,الكرب والضيق,idiom,2,curated
انشرح الصدر,idiom,الفرح والراحة,idiom,2,curated
اتسع الأفق,idiom,انفتاح الفكر,idiom,2,curated
ضيق الأفق,idiom,محدودية التفكير,idiom,2,curated
بعيد النظر,idiom,حسن التخطيط,idiom,2,curated
قصير النظر,idiom,ضعف التدبير,idiom,2,curated
حاد الذكاء,idiom,سرعة الفهم والإدراك,idiom,2,curated
حاد اللسان,idiom,جرح بالكلام,idiom,2,curated
رقيق الحاشية,idiom,لطيف المعشر,idiom,2,curated
غليظ الجانب,idiom,خشن الطبع,idiom,2,curated
سعة الصدر,idiom,الحلم والتسامح,idiom,2,curated
طهارة القلب,idiom,صفاء النية,idiom,2,curated
نقاء الضمير,idiom,الأمانة والصدق,idiom,2,curated
حفظ الجار,idiom,صون حقوق الجوار,idiom,2,curated
رد الجميل,idiom,العرفان بالمعروف,idiom,2,curated
قضاء الحاجة,idiom,تلبية الطلب,idiom,2,curated
كف الأذى,idiom,ترك إيذاء الناس,idiom,2,curated
مد اليد,idiom,طلب العون,idiom,2,curated
رفع اليد,idiom,الترك والإعراض,idiom,2,curated
لف الخيط,idiom,التحايل والالتواء,idiom,2,curated
نسج المكيدة,idiom,الدسيسة والمؤامرة,idiom,2,curated
ألقى البذرة,idiom,زرع الفكرة,idiom,2,curated
حصد الثمار,idiom,نيل النتائج,idiom,2,curated
دفع الثمن,idiom,تحمل العاقبة,idiom,2,curated
نال الجزاء,idiom,أخذ ما يستحق,idiom,2,curated
أسقط في يده,idiom,الحيرة والإفلاس,idiom,2,curated
بات على جمر,idiom,القلق والانتظار,idiom,2,curated
حرّك الماء الراكد,idiom,أثار الهدوء,idiom,2,curated
أشعل الفتيل,idiom,بدأ النزاع,idiom,2,curated
طفح الكيل,idiom,بلغ الأمر نهايته,idiom,2,curated
ضرب أخماسا في أسداس,idiom,التردد والتفكير الطويل,idiom,2,curated
وضع النقاط على الحروف,idiom,التوضيح والصراحة,idiom,2,curated
بات بخير,idiom,العافية والسلامة,idiom,2,curated
