عود,instruments,آلة وترية عربية كلاسيكية,آلة موسيقية وترية شرقية ذات رقبة قصيرة وجسم كمثري,2,curated
قانون,instruments,آلة وترية تُعزف بأظافر,آلة موسيقية وترية مسطحة ذات أوتار عديدة تُعزف بالريشة,2,curated
رباب,instruments,آلة وترية تراثية بوتر واحد,آلة موسيقية شعبية وترية تُعزف بالقوس,2,curated
ناي,instruments,مزمار القصب الشرقي,آلة نفخ خشبية من القصب ذات صوت شجي,2,curated
طار,instruments,دف بإطار مستدير,آلة إيقاعية شعبية ذات جلد مشدود على إطار دائري,2,curated
رق,instruments,دف صغير بصنوج,آلة إيقاعية صغيرة ذات جلد وصنوج معدنية,2,curated
طبلة,instruments,طبل صغير شرقي,آلة إيقاعية أسطوانية تُقرع باليدين,2,curated
دف,instruments,إطار جلدي مستدير للإيقاع,آلة إيقاعية شعبية ذات جلد مشدود على إطار خشبي,2,curated
بندير,instruments,دف كبير أمازيغي,آلة إيقاعية مغاربية ذات جلد على إطار عريض,2,curated
قراقب,instruments,صاجات معدنية مغاربية,آلة إيقاعية من المعدن تُصدر صوتاً قرقعياً في موسيقى الكناوة,2,curated
صنج,instruments,صحون معدنية للإيقاع,آلة إيقاعية قديمة من قرصين معدنيين يُقرعان ببعض,2,curated
مزمار,instruments,آلة نفخ شعبية,آلة نفخ خشبية قصيرة ذات ثقوب وصوت حاد,2,curated
يراع,instruments,قصبة النفخ الشعرية,آلة نفخ قصبية رفيعة ذكرها الشعراء العرب,2,curated
كمان,instruments,آلة وترية تُعزف بالقوس,آلة موسيقية وترية صغيرة تُمسك تحت الذقن وتُعزف بالقوس,2,curated
فيولا,instruments,كمان أكبر وصوت أعمق,آلة وترية بالقوس أكبر من الكمان وأعمق صوتاً,2,curated
تشيلو,instruments,فيولا كبيرة بين الركبتين,آلة وترية كبيرة تُعزف بالقوس وهي جالسة بين ركبتي العازف,2,curated
كنترباس,instruments,أضخم الآلات الوترية,أكبر آلة وترية بالقوس في الأوركسترا,2,curated
بيانو,instruments,آلة ذات مفاتيح بيضاء وسوداء,آلة موسيقية ذات أوتار تُقرع بمطارق عبر مفاتيح,2,curated
بيانو ذيلي,instruments,بيانو أفقي الشكل,نوع فاخر من البيانو ذو إطار أفقي وصوت قوي,2,curated
أكورديون,instruments,آلة نفخ بمنفاخ يدوي,آلة موسيقية تعمل بمنفاخ يُضغط باليدين مع مفاتيح,2,curated
هارمونيكا,instruments,آلة نفخ فموية صغيرة,آلة موسيقية صغيرة تُعزف بالنفخ والشهيق عبر فتحات,2,curated
غيتار كهربائي,instruments,غيتار يُضخم إلكترونياً,آلة وترية وترية تحتاج إلى مكبر صوت لإخراج صوتها,2,curated
غيتار باس,instruments,غيتار منخفض النبرة,آلة وترية رباعية الأوتار تُؤدي خط النغمات المنخفضة,2,curated
جيتار,instruments,آلة وترية لاتينية شائعة,آلة وترية ذات ست أوتار تُعزف بالأصابع أو الريشة,2,curated
ساكسفون,instruments,آلة نفخ معدنية بلسان خشبي,آلة نفخية معدنية اخترعها أدولف ساكس وتستخدم في الجاز,2,curated
ترومبيت,instruments,بوق معدني بثلاثة مفاتيح,آلة نفخ نحاسية ذات صوت مشرق تُستخدم في الجاز والأوركسترا,2,curated
ترومبون,instruments,بوق بذراع منزلقة,آلة نفخ نحاسية ذات ذراع منزلقة لتغيير النغمات,2,curated
كلارينيت,instruments,آلة نفخ خشبية بلسان واحد,آلة نفخ خشبية ذات لسان مفرد وصوت دافئ,2,curated
أوبوا,instruments,آلة نفخ خشبية بلسانين,آلة نفخ خشبية ذات لسانين مزدوجين وصوت حاد,2,curated
فلوت,instruments,ناي غربي أفقي,آلة نفخ خشبية أو معدنية تُمسك أفقياً وتُعزف بالنفخ على فتحة جانبية,2,curated
ميزانين,instruments,بيانو صغير مستقيم,نوع من البيانو المنتصب الإطار مناسب للمنازل,2,curated
أرغن,instruments,آلة مفاتيح بأنابيب هواء,آلة موسيقية كبيرة تعمل بأنابيب هواء تُستخدم في الكنائس,2,curated
هاربسيكورد,instruments,بيانو ريشي قديم,آلة مفاتيح قديمة تقرع الأوتار بريش لا بمطارق,2,curated
تشيمبالو,instruments,هاربسيكورد أوروبي كلاسيكي,اسم إيطالي للهاربسيكورد الذي ازدهر في عصر الباروك,2,curated
طبل كبير,instruments,إيقاع بطيء وعميق,آلة إيقاعية كبيرة ذات وجهين تُقرع بمطرقة في الأوركسترا,2,curated
طبل صغير,instruments,إيقاع رقيق ومتوسط,آلة إيقاعية أسطوانية صغيرة ذات أوتار خلفية تُصدر صوتاً جافاً,2,curated
تامبور,instruments,طبل أسطواني شرقي,آلة إيقاعية أسطوانية مستخدمة في الموسيقى الشرقية والبلقانية,2,curated
صنوج,instruments,قرصان معدنيان للإيقاع,آلة إيقاعية تتكون من قرصين معدنيين يُطرقان ببعض,2,curated
جرس,instruments,قرع معدني رنان,آلة إيقاعية معدنية تُصدر رنيناً عند قرعها,2,curated
أجراس,instruments,جمع الجرس,آلات إيقاعية معدنية صغيرة تُستخدم في الاحتفالات والموسيقى,2,curated
شواكش,instruments,مطارق صغيرة للإيقاع,آلات إيقاعية خشبية صغيرة تُستخدم في الموسيقى الشعبية المغاربية,2,curated
ماريمبا,instruments,إكسيلوفون بصناديق رنان,آلة إيقاعية ذات ألواح خشبية وصناديق رنان معدنية تحتها,2,curated
إكسيلوفون,instruments,ألواح خشبية تُقرع بعصا,آلة إيقاعية ذات ألواح خشبية مرتبة تُقرع بعصوات,2,curated
فيبرافون,instruments,إكسيلوفون معدني بتدوير,آلة إيقاعية معدنية بألواح وصناديق رنان دوارة تُعطي اهتزازاً,2,curated
تيمباني,instruments,طبول كبيرة في الأوركسترا,آلات إيقاعية نصف كروية الشكل ذات جلد قابل للضبط,2,curated
آلات نفخ,instruments,فئة آلات الهواء,مجموعة الآلات الموسيقية التي تُعزف بالنفخ,2,curated
آلات وترية,instruments,فئة آلات الأوتار,مجموعة الآلات الموسيقية التي تعتمد على اهتزاز الأوتار,2,curated
آلات إيقاع,instruments,فئة آلات الضرب,مجموعة الآلات الموسيقية التي تُعزف بالقرع والضرب,2,curated
آلات نحاسية,instruments,فئة البوقات المعدنية,مجموعة آلات النفخ المصنوعة من النحاس كالترومبيت,2,curated
آلات خشبية,instruments,فئة النفخ الخشبي,مجموعة آلات النفخ المصنوعة تقليدياً من الخشب كالفلوت,2,curated
أوركسترا,instruments,فرقة كلاسيكية كبيرة,مجموعة موسيقية كبيرة تضم مختلف أصناف الآلات الموسيقية,2,curated
فرقة موسيقية,instruments,مجموعة عازفين,مجموعة منظمة من الموسيقيين يعزفون معاً,2,curated
ربابة,instruments,كمان البادية العربية,آلة وترية بدوية أحادية الوتر تُعزف بالقوس وترافق الشعر الغنائي,2,curated
شبابة,instruments,ناي عربي بسيط,آلة نفخ قصبية بسيطة تُستخدم في الريف العربي,2,curated
قصبة,instruments,ناي مغاربي من القصب,آلة نفخ مغاربية مصنوعة من قصبة طبيعية,2,curated
مزود,instruments,مزمار تونسي مزدوج,آلة نفخ تونسية ذات قصبتين تُستخدم في الموسيقى الشعبية,2,curated
غاجدة,instruments,مزمار قربة مغاربي,آلة نفخ شعبية شمال أفريقية تعمل بقربة هواء,2,curated
رقصة,instruments,دبكة إيقاعية جماعية,رقص شعبي جماعي يرافقه عزف الآلات الإيقاعية التراثية,2,curated
