طب أطفال,science,علاج الأطفال,تخصص طبي يُعنى بصحة الأطفال,2,curated
طب نساء,science,صحة المرأة,تخصص طبي خاص بالمرأة,2,curated
باطنية,science,طب داخلي,تخصص في أمراض الأجهزة الداخلية,2,curated
طب أعصاب,science,علاج الأعصاب,تخصص في أمراض الجهاز العصبي,2,curated
طب قلب,science,علاج القلب,تخصص في أمراض القلب والأوعية,2,curated
طب جلد,science,أمراض الجلد,تخصص في الجلد والشعر والأظافر,2,curated
طب عيون,science,علاج العيون,تخصص في أمراض وجراحة العيون,2,curated
طب أسنان,science,صحة الأسنان,تخصص في علاج الأسنان واللثة,2,curated
طب عظام,science,علاج العظام,تخصص في الجهاز الهيكلي والمفاصل,2,curated
طب نفسي,science,صحة النفس,تخصص في الأمراض النفسية والعقلية,2,curated
طب طوارئ,science,إسعاف فوري,تخصص في حالات الطوارئ الحادة,2,curated
طب رياضي,science,طب الرياضيين,تخصص في إصابات وأداء الرياضيين,2,curated
جراحة عامة,science,عمليات جراحية,تخصص في الجراحات العامة للجسم,2,curated
جراحة تجميل,science,تحسين المظهر,جراحة لإعادة شكل الأجزاء أو تجميلها,2,curated
جراحة قلب,science,عمليات القلب,جراحة متخصصة في القلب والشرايين,2,curated
جراحة أعصاب,science,عمليات دماغية,جراحة الجهاز العصبي المركزي,2,curated
أمراض دم,science,علم الدم,تخصص في أمراض الدم وأجهزته,2,curated
أمراض كلى,science,علاج الكلى,تخصص في أمراض الجهاز الكلوي,2,curated
أمراض غدد,science,الغدد الصماء,تخصص في الهرمونات والغدد,2,curated
سكري,science,ارتفاع سكر,مرض يُعطل تنظيم الغلوكوز في الدم,2,curated
ضغط دم,science,توتر شرياني,قوة اندفاع الدم في الأوعية الدموية,2,curated
ربو,science,ضيق تنفسي,مرض مزمن يُضيّق مجاري الهواء,2,curated
حساسية,science,رد فعل مناعي,استجابة مفرطة لمواد بيئية عادية,2,curated
أنيميا,science,فقر دم,نقص في خلايا الدم الحمراء أو الهيموغلوبين,2,curated
ارتجاع,science,حموضة معدية,صعود محتوى المعدة إلى المريء,2,curated
التهاب,science,رد مناعي,تفاعل الجسم لمقاومة إصابة أو تلف,2,curated
حمى,science,ارتفاع حرارة,ارتفاع درجة حرارة الجسم فوق الطبيعي,2,curated
إنفلونزا,science,فيروس موسمي,عدوى فيروسية حادة في الجهاز التنفسي,2,curated
نزلة برد,science,برد عادي,عدوى فيروسية خفيفة في الأنف والحلق,2,curated
التهاب رئوي,science,ذات رئة,عدوى تُصيب أنسجة الرئة,2,curated
التهاب لوزتين,science,ألم حلق,التهاب في اللوزتين عادة جرثومي,2,curated
التهاب أذن,science,ألم الأذن,عدوى تُصيب الأذن الوسطى أو الخارجية,2,curated
التهاب مفاصل,science,آلام مفاصل,التهاب يُصيب مفاصل الجسم,2,curated
روماتيزم,science,ألم عضلي,مجموعة أمراض تُصيب المفاصل والعضلات,2,curated
نقرس,science,ألم إبهام,مرض يسبب ترسب حمض اليوريك في المفاصل,2,curated
سرطان,science,خلايا خبيثة,نمو خلايا غير منتظم ومدمر في الجسم,2,curated
ورم خبيث,science,نمو سرطاني,كتلة خلوية تنتشر وتغزو الأنسجة,2,curated
ورم حميد,science,نمو غير سرطاني,كتلة خلوية لا تنتشر ولا تغزو,2,curated
تليف كبد,science,تلف كبدي,استبدال خلايا الكبد بنسيج ليفي,2,curated
التهاب كبد,science,مرض الكبد,التهاب في الكبد غالباً بسبب فيروس,2,curated
يرقان,science,اصفرار جلدي,اصفرار الجلد والعينين بسبب البيليروبين,2,curated
فشل كلوي,science,توقف الكلى,عجز الكلى عن أداء وظائفها الترشيحية,2,curated
حصى كلى,science,ألم الكلى,تراكم معادن وتشكّل أحجار في الكلى,2,curated
صداع,science,ألم رأس,ألم يُصيب منطقة الرأس والجمجمة,2,curated
شقيقة,science,صداع نصفي,ألم نابض شديد في نصف الرأس,2,curated
صرع,science,نوبة دماغية,اضطراب عصبي يُسبب نوبات تشنج,2,curated
ألم,science,وجع جسدي,إحساس غير مريح ناتج عن تلف الأنسجة,2,curated
حرارة,science,سخونة الجسم,ارتفاع في درجة حرارة الجسم,2,curated
قشعريرة,science,رعشة وبرد,إحساس بالبرد مع ارتجاف عضلي,2,curated
تعرق,science,إفراز عرق,إفراز المسام للسوائل لتبريد الجسم,2,curated
إغماء,science,فقدان وعي,انقطاع مؤقت في الوعي والإدراك,2,curated
دوار,science,دوخة,إحساس بأن المحيط يدور أو بعدم التوازن,2,curated
غثيان,science,رغبة في القيء,شعور بعدم الارتياح في المعدة,2,curated
تقيؤ,science,إخراج الطعام,طرد محتويات المعدة عبر الفم,2,curated
إسهال,science,براز سائل,زيادة في تكرار وسيولة البراز,2,curated
إمساك,science,صعوبة التبرز,انخفاض حركة الأمعاء وصعوبة الإخراج,2,curated
حكة,science,ألم جلدي,إحساس مزعج يستدعي الحك,2,curated
طفح جلدي,science,بقع على الجلد,ظهور تغيرات لونية أو نتوءات على الجلد,2,curated
شحوب,science,وجه أبيض,فقدان لون الجلد الطبيعي,2,curated
إرهاق,science,تعب شديد,ضعف جسدي أو عقلي مفرط,2,curated
أرق,science,صعوبة نوم,اضطراب في القدرة على النوم,2,curated
دواء,science,علاج طبي,مادة تُستعمل لعلاج مرض أو تخفيف أعراضه,2,curated
مسكن,science,خافض ألم,دواء يُقلل الشعور بالألم,2,curated
مضاد حيوي,science,قاتل جراثيم,دواء يقضي على البكتيريا,2,curated
مضاد التهاب,science,يُخفف التهاب,دواء يُقلل الالتهاب والتورم,2,curated
مضاد فطريات,science,يُعالج فطريات,دواء يقضي على الفطريات المسببة للمرض,2,curated
مضاد فيروسات,science,يحارب فيروسات,دواء يُعيق تكاثر الفيروسات,2,curated
حقنة,science,إبرة طبية,وسيلة لإدخال دواء في الجسم بالإبرة,2,curated
شراب,science,دواء سائل,دواء سائل يُؤخذ عبر الفم,2,curated
أقراص,science,حبوب دواء,شكل صلب للدواء يُبلع,2,curated
كبسولات,science,غلاف دواء,دواء محاط بغلاف جيلاتيني,2,curated
مرهم,science,كريم طبي,دواء موضعي بقوام دهني,2,curated
قطرة,science,سائل موضعي,دواء سائل للعيون أو الأذن أو الأنف,2,curated
فيتامين,science,مغذي ضروري,مادة عضوية ضرورية لوظائف الجسم,2,curated
مكمل غذائي,science,دعم تغذوي,منتج يُعزز التغذية ويُكمل النقص,2,curated
أشعة,science,تصوير طبي,تقنية تُصوّر داخل الجسم بالإشعاع,2,curated
صورة طبقية,science,أشعة مقطعية,تصوير دقيق بالأشعة السينية المقطعية,2,curated
رنين مغناطيسي,science,تصوير دقيق,تقنية تصوير بالمجال المغناطيسي,2,curated
فحص دم,science,تحليل دم,فحص مخبري لمكونات الدم,2,curated
تحليل بول,science,فحص البول,فحص مخبري لعينة البول,2,curated
