فص الدماغ,science,قسم دماغي,منطقة وظيفية محددة في القشرة الدماغية,2,curated
فص جبهي,science,أمام الدماغ,جزء دماغي يتحكم في الإرادة والشخصية,2,curated
فص جداري,science,أعلى الدماغ,جزء دماغي يعالج اللمس والمكان,2,curated
فص قفوي,science,خلف الدماغ,جزء دماغي مختص بمعالجة البصر,2,curated
فص صدغي,science,جانب الدماغ,جزء دماغي يتحكم في الذاكرة والسمع,2,curated
مخيخ,science,توازن الجسم,جزء دماغي يضبط التوازن والحركة,2,curated
جذع الدماغ,science,قاعدة الدماغ,يربط الدماغ بالنخاع ويتحكم بالوظائف الحيوية,2,curated
نخاع شوكي,science,حبل العمود,حزمة عصبية تمتد داخل العمود الفقري,2,curated
حبل شوكي,science,عصب ظهري,النخاع المحاط بالفقرات الناقل للإشارات,2,curated
عصب وركي,science,أطول عصب,أطول عصب في الجسم يمتد في الساق,2,curated
عصب بصري,science,عصب العين,ينقل الإشارات البصرية من الشبكية إلى الدماغ,2,curated
عصب سمعي,science,عصب الأذن,ينقل الإشارات الصوتية من الأذن إلى الدماغ,2,curated
عصب شمي,science,عصب الأنف,ينقل إشارات الرائحة من الأنف إلى الدماغ,2,curated
عصب وجهي,science,عصب الوجه,يتحكم في عضلات الوجه والإحساس,2,curated
نواة,science,مركز الخلية,الجزء المركزي من الخلية الحامل للحمض النووي,2,curated
حويصلة,science,كيس خلوي,بنية كيسية صغيرة داخل الخلية لنقل المواد,2,curated
خلية عصبية,science,وحدة الدماغ,خلية متخصصة لنقل الإشارات الكهربائية,2,curated
خلية دبقية,science,دعم عصبي,خلايا تدعم الخلايا العصبية وتحميها,2,curated
حقنة شرجية,science,إعطاء شرجي,إدخال دواء أو سائل عبر فتحة الشرج,2,curated
حقنة عضلية,science,إبرة عضلة,حقن دواء مباشرة في نسيج العضلة,2,curated
حقنة وريدية,science,إبرة وريد,حقن دواء مباشرة في الوريد,2,curated
حقنة جلدية,science,إبرة جلدية,حقن تحت الجلد أو داخل طبقاته,2,curated
أنبوب أنفي,science,تغذية أنفية,أنبوب يُدخل عبر الأنف للمعدة,2,curated
أنبوب فموي,science,أنبوب الفم,أنبوب يُدخل عبر الفم للمريء أو المعدة,2,curated
قسطرة بولية,science,أنبوب بول,أنبوب يُدخل في المثانة لتصريف البول,2,curated
قسطرة وريدية,science,خط وريدي,أنبوب رفيع في الوريد لإعطاء الأدوية,2,curated
قسطرة قلبية,science,فحص قلب,إجراء يُدخل فيه أنبوب إلى القلب لفحصه,2,curated
تنظير معدة,science,فحص معدة,فحص بالمنظار داخل المعدة والمريء,2,curated
تنظير قولون,science,فحص القولون,فحص بالمنظار داخل القولون والمستقيم,2,curated
تنظير قصبات,science,فحص رئوي,فحص بالمنظار داخل القصبات الهوائية,2,curated
أشعة سينية,science,تصوير إشعاعي,تقنية تصوير الهيكل العظمي بالإشعاع,2,curated
رنين مغناطيسي وظيفي,science,تصوير دماغي,يُصوّر نشاط الدماغ أثناء أداء المهام,2,curated
طبقي محوري,science,مقطعية الأشعة,تصوير تقطيعي دقيق بالأشعة السينية,2,curated
صدى قلب,science,إيكو قلب,تصوير بالموجات الصوتية لبنية القلب,2,curated
مخطط قلب,science,رسم القلب,تسجيل كهربائي لنشاط القلب,2,curated
مخطط دماغ,science,رسم الدماغ,تسجيل كهربائي لنشاط الدماغ,2,curated
مخطط عضلي,science,رسم عضلي,تسجيل كهربائي لنشاط العضلات والأعصاب,2,curated
خزعة كبد,science,عينة الكبد,أخذ نسيج من الكبد لفحصه مخبرياً,2,curated
خزعة كلية,science,عينة الكلية,أخذ نسيج من الكلية لفحصه مخبرياً,2,curated
خزعة جلد,science,عينة الجلد,أخذ قطعة جلدية صغيرة للفحص النسيجي,2,curated
تحليل بول,science,فحص البول,فحص مخبري شامل لمكونات البول,2,curated
تحليل دم شامل,science,صورة دم كاملة,فحص يشمل كل خلايا الدم ومؤشراته,2,curated
تحليل غدة درقية,science,فحص الغدة,قياس هرمونات الغدة الدرقية في الدم,2,curated
تحليل سكر,science,قياس جلوكوز,قياس تركيز الجلوكوز في الدم,2,curated
هرمون درقي,science,هرمون الغدة,هرمون ينظم التمثيل الغذائي في الجسم,2,curated
هرمون نمو,science,هرمون الطول,هرمون يحفز نمو الخلايا والعظام,2,curated
هرمون كظري,science,هرمون الكظر,هرمون تُفرزه الغدة الكظرية في الضغط,2,curated
الأدرينالين,science,هرمون الخوف,هرمون يُهيئ الجسم لمواجهة الخطر,2,curated
النورأدرينالين,science,ناقل عصبي,هرمون يرفع ضغط الدم ويحفز الانتباه,2,curated
الدوبامين,science,هرمون المكافأة,ناقل عصبي يرتبط بالمتعة والتحفيز,2,curated
السيروتونين,science,هرمون السعادة,ناقل عصبي ينظم المزاج والنوم والشهية,2,curated
الميلاتونين,science,هرمون النوم,هرمون ينظم دورة النوم والصحو,2,curated
الأنسولين,science,هرمون السكر,هرمون يُنظم مستوى الجلوكوز في الدم,2,curated
الجلوكاجون,science,ضد الأنسولين,هرمون يرفع سكر الدم عند انخفاضه,2,curated
الإستروجين,science,هرمون أنثوي,هرمون جنسي أنثوي يتحكم في التطور,2,curated
التستوستيرون,science,هرمون ذكوري,هرمون جنسي ذكوري يتحكم في البنية,2,curated
البروجستيرون,science,هرمون الحمل,هرمون يُهيئ الرحم للحمل والحيض,2,curated
فص,science,قسم النسيج,وحدة تشريحية مميزة في عضو أو غدة,2,curated
دماغ,science,عضو التفكير,الجهاز المركزي للتفكير والتحكم بالجسم,2,curated
قشرة دماغية,science,سطح الدماغ,الطبقة الخارجية المسؤولة عن الوظائف العليا,2,curated
جهاز عصبي,science,شبكة أعصاب,منظومة تربط الدماغ بأعضاء الجسم,2,curated
ميالين,science,غلاف عصبي,غلاف دهني يُسرّع توصيل الإشارات العصبية,2,curated
متشابك عصبي,science,وصلة عصبية,نقطة تواصل بين خليتين عصبيتين,2,curated
محور عصبي,science,امتداد العصبون,الامتداد الطويل للخلية العصبية الناقل للإشارة,2,curated
تغصنات,science,فروع العصبون,امتدادات قصيرة تستقبل الإشارات العصبية,2,curated
بلعوم,science,مجرى الحلق,قناة تصل الفم والأنف بالمريء والقصبة,2,curated
حنجرة,science,صندوق الصوت,عضو في الحلق يُنتج الصوت ويحمي الرئتين,2,curated
قصبة هوائية,science,مجرى الهواء,أنبوب يمتد من الحنجرة إلى الرئتين,2,curated
حجاب حاجز,science,عضلة تنفس,العضلة الفاصلة بين الصدر والبطن,2,curated
غشاء جنبي,science,غلاف الرئة,الغشاء المحيط بالرئتين والتجويف الصدري,2,curated
تجويف صدري,science,صدر داخلي,الفراغ الذي يحوي القلب والرئتين,2,curated
أبهر,science,الشريان الكبير,أكبر شريان في الجسم يخرج من القلب,2,curated
وريد أجوف,science,وريد كبير,وريد ضخم ينقل الدم إلى الأذين الأيمن,2,curated
شريان رئوي,science,وعاء رئوي,يحمل الدم غير المؤكسد إلى الرئتين,2,curated
صمام قلبي,science,مصراع قلب,بنية تمنع ارتجاع الدم داخل القلب,2,curated
تامور,science,غلاف القلب,الكيس الغشائي المحيط والحامي للقلب,2,curated
شبكية,science,طبقة العين,الطبقة الداخلية الحساسة للضوء في العين,2,curated
قرنية,science,واجهة العين,الطبقة الشفافة الأمامية للعين,2,curated
حدقة,science,فتحة العين,الفتحة المركزية في القزحية تنظم الضوء,2,curated
قزحية,science,لون العين,الجزء الملون من العين يتحكم في الضوء,2,curated
