ذهب,science,معدن أصفر ثمين,definition,2,curated
فضة,science,معدن أبيض لامع,definition,2,curated
نحاس,science,معدن أحمر موصل للكهرباء,definition,2,curated
حديد,science,معدن مغناطيسي صلب,definition,2,curated
رصاص,science,معدن ثقيل رمادي,definition,2,curated
قصدير,science,معدن أبيض ليّن,definition,2,curated
زنك,science,معدن يُغلفن به الحديد,definition,2,curated
نيكل,science,معدن فضي قاسٍ,definition,2,curated
ألمنيوم,science,معدن خفيف الوزن,definition,2,curated
بلاتين,science,معدن نفيس أبيض فاتح,definition,2,curated
تيتانيوم,science,معدن خفيف عالي المقاومة,definition,2,curated
كروم,science,معدن يُلمّع الفولاذ,definition,2,curated
فولاذ,science,سبيكة حديد وكربون,definition,2,curated
نحاس أصفر,science,سبيكة نحاس وزنك,definition,2,curated
برونز,science,سبيكة نحاس وقصدير,definition,2,curated
ماس,science,أصلب الأحجار الكريمة,definition,2,curated
ياقوت,science,حجر كريم أحمر,definition,2,curated
زمرد,science,حجر كريم أخضر,definition,2,curated
زبرجد,science,حجر كريم أصفر مخضر,definition,2,curated
فيروز,science,حجر كريم أزرق,definition,2,curated
عقيق,science,حجر شبه كريم أحمر,definition,2,curated
لازورد,science,حجر أزرق نفيس,definition,2,curated
توباز,science,حجر كريم شفاف,definition,2,curated
أوبال,science,حجر يعكس ألواناً قوسقزحية,definition,2,curated
عنبر,science,راتنج أحفوري أصفر,definition,2,curated
مرجان,science,حجر أحمر من البحر,definition,2,curated
لؤلؤ,science,جوهرة تنتجها المحار,definition,2,curated
يشم,science,حجر أخضر نفيس,definition,2,curated
رخام,science,حجر ناعم يُستخدم في البناء,definition,2,curated
جرانيت,science,صخرة نارية صلبة,definition,2,curated
بازلت,science,صخرة بركانية داكنة,definition,2,curated
حجر جيري,science,صخرة رسوبية من الكالسيوم,definition,2,curated
طين,science,تربة لدنة تُشكَّل بالماء,definition,2,curated
رمل,science,حبيبات صخرية ناعمة,definition,2,curated
حصى,science,قطع صخرية صغيرة مستديرة,definition,2,curated
صلصال,science,طين ناعم يُحرق لصناعة الفخار,definition,2,curated
كوارتز,science,معدن بلوري شفاف شائع,definition,2,curated
ميكا,science,معدن ورقي لامع,definition,2,curated
خفاف,science,صخرة بركانية خفيفة,definition,2,curated
كبريت,science,عنصر أصفر ذو رائحة حادة,definition,2,curated
فوسفور,science,عنصر يتوهج في الظلام,definition,2,curated
كربون,science,أساس كل المركبات العضوية,definition,2,curated
ألماس,science,شكل بلوري للكربون,definition,2,curated
غرافيت,science,كربون يُصنع منه قلم الرصاص,definition,2,curated
ملح صخري,science,كلوريد الصوديوم الطبيعي,definition,2,curated
جبس,science,معدن يُصنع منه الجص,definition,2,curated
طباشير,science,معدن أبيض يُكتب به,definition,2,curated
طلق,science,أليَن المعادن المعروفة,definition,2,curated
أردواز,science,صخرة رقائقية رمادية داكنة,definition,2,curated
بلاستيك,science,مادة بوليمرية اصطناعية,definition,2,curated
نايلون,science,ألياف اصطناعية متينة,definition,2,curated
فيبر غلاس,science,ألياف زجاجية للتعزيز,definition,2,curated
خرسانة,science,مزيج إسمنت ورمل وحصى,definition,2,curated
إسمنت,science,مسحوق يُجمّد مع الماء,definition,2,curated
جص,science,طلاء أبيض لتسوية الجدران,definition,2,curated
طوب,science,لبنة بناء من الطين المحروق,definition,2,curated
قرميد,science,بلاط فخاري لتغطية الأسطح,definition,2,curated
زجاج,science,مادة شفافة هشة من الرمل,definition,2,curated
زجاج ملون,science,زجاج مصبوغ بأكاسيد معدنية,definition,2,curated
قطن,science,ألياف نباتية بيضاء ناعمة,definition,2,curated
صوف,science,ألياف حيوانية من الخراف,definition,2,curated
حرير,science,خيوط تنتجها دودة القز,definition,2,curated
كتان,science,ألياف نباتية لصناعة القماش,definition,2,curated
جلد,science,غطاء حيواني يُدبغ للاستخدام,definition,2,curated
فرو,science,جلد حيواني بشعره الطبيعي,definition,2,curated
ساتان,science,نسيج ناعم لامع السطح,definition,2,curated
تول,science,نسيج شفاف شبكي الملمس,definition,2,curated
بوليستر,science,ألياف اصطناعية مقاومة,definition,2,curated
أكريليك,science,ألياف اصطناعية تحاكي الصوف,definition,2,curated
خشب,science,مادة بنائية من أشجار,definition,2,curated
خشب الزان,science,خشب أبيض صلب للأثاث,definition,2,curated
خشب البلوط,science,خشب قوي ذو نسيج جميل,definition,2,curated
خشب الصنوبر,science,خشب خفيف عطري الرائحة,definition,2,curated
خشب الجوز,science,خشب بني غامق للأثاث الفاخر,definition,2,curated
خشب الأرز,science,خشب نفيس ذو رائحة زكية,definition,2,curated
خشب السنط,science,خشب استوائي صلب ومتين,definition,2,curated
خشب الأبنوس,science,خشب أسود فاخر نادر,definition,2,curated
خشب الماهوغني,science,خشب أحمر للأثاث الفاخر,definition,2,curated
خشب رقائقي,science,ألواح خشبية متعددة الطبقات,definition,2,curated
