فاس,geography,مدينة مغربية عريقة ومركز ديني وثقافي,definition,2,curated
مكناس,geography,مدينة مغربية تاريخية بناها المولى إسماعيل,definition,2,curated
الرباط,geography,عاصمة المملكة المغربية على المحيط الأطلسي,definition,2,curated
الدار البيضاء,geography,أكبر مدن المغرب وميناؤه الرئيسي,definition,2,curated
طنجة,geography,مدينة مغربية على مضيق جبل طارق,definition,2,curated
تطوان,geography,مدينة شمالية مغربية ذات طابع أندلسي,definition,2,curated
شفشاون,geography,مدينة جبلية مغربية شهيرة بلونها الأزرق,definition,2,curated
أصيلة,geography,مدينة ساحلية أطلسية تشتهر بمهرجانها الثقافي,definition,2,curated
العرائش,geography,مدينة شمالية مغربية على نهر اللوكوس,definition,2,curated
القنيطرة,geography,مدينة مغربية قرب نهر سبو شمال الرباط,definition,2,curated
الجديدة,geography,مدينة ساحلية أطلسية تشتهر بمينائها للصيد,definition,2,curated
آسفي,geography,مدينة ساحلية مغربية تشتهر بصناعة الفخار,definition,2,curated
الصويرة,geography,مدينة مغربية ساحلية تُعرف بأبراجها الريحية,definition,2,curated
أكادير,geography,مدينة سياحية مغربية على المحيط الأطلسي,definition,2,curated
مراكش,geography,مدينة مغربية حمراء ومركز سياحي عالمي,definition,2,curated
ورزازات,geography,مدينة بوابة صحراء مغربية ومركز تصوير,definition,2,curated
زاكورة,geography,واحة جنوبية مغربية على أطراف الصحراء,definition,2,curated
أرفود,geography,مدينة مغربية تشتهر بمهرجان التمر,definition,2,curated
الراشيدية,geography,مدينة مغربية في حوض زيز الصحراوي,definition,2,curated
الحسيمة,geography,مدينة شمالية مغربية على البحر المتوسط,definition,2,curated
الناظور,geography,مدينة مغربية شرقية قرب البحر المتوسط,definition,2,curated
وجدة,geography,مدينة مغربية شرقية قرب الحدود الجزائرية,definition,2,curated
خنيفرة,geography,مدينة مغربية في قلب الأطلس المتوسط,definition,2,curated
خريبكة,geography,مدينة مغربية تشتهر بمناجم الفوسفاط,definition,2,curated
بني ملال,geography,مدينة مغربية في سهل تادلة الخصيب,definition,2,curated
أزرو,geography,مدينة جبلية مغربية وسط الأطلس المتوسط,definition,2,curated
إفران,geography,مدينة جبلية مغربية تُعرف بمناخها الأوروبي,definition,2,curated
طاطا,geography,واحة جنوبية مغربية بين جبال والصحراء,definition,2,curated
كسكس,food,طبق مغربي من السميد مع الخضار واللحم,definition,2,curated
حريرة,food,شوربة مغربية تقليدية من الطماطم والبقوليات,definition,2,curated
بسطيلة,food,فطيرة مغربية محشوة باللحم والبيض واللوز,definition,2,curated
شباكية,food,حلوى مغربية مقلية مغطاة بالعسل والسمسم,definition,2,curated
كعب الغزال,food,حلوى مغربية هلالية محشوة باللوز والماء الزهر,definition,2,curated
بريوات,food,معجنات مغربية محشوة باللحم أو الجبن أو اللوز,definition,2,curated
غريبة,food,بسكويت مغربي هش من الدقيق واللوز,definition,2,curated
فقاص,food,بسكويت مغربي بالأنيس واللوز يُشبه البيسكوتي,definition,2,curated
بغرير,food,قطائف مغربية إسفنجية مع العسل والزبدة,definition,2,curated
رغايف,food,فطائر مغربية مطوية تُقدم بزيت الزيتون والعسل,definition,2,curated
حرشة,food,خبز مغربي من السميد يُطهى على الصاج,definition,2,curated
مسمن,food,فطيرة مغربية مقرمشة مطوية على شكل مربع,definition,2,curated
سفوف,food,دقيق مغربي محمص بالسكر والزبدة,definition,2,curated
رفيسة,food,طبق تقليدي مغربي من الرغيف مع الدجاج والعدس,definition,2,curated
تنجيا,food,لحم مغربي يُطهى ببطء في جرة فخارية بالفرن,definition,2,curated
فطير,food,خبز مغربي بسيط غير مخمر يُطهى سريعا,definition,2,curated
طاجين,food,وعاء فخاري مغربي وما يُطهى فيه,definition,2,curated
تاجين كفتة,food,طاجين مغربي بكرات اللحم والبيض والطماطم,definition,2,curated
طاجين دجاج,food,دجاج مغربي بالليمون المخلل والزيتون,definition,2,curated
طاجين لحم,food,لحم مغربي مطهو بالخوخ والعسل والقرفة,definition,2,curated
طاجين السمك,food,سمك مغربي مطهو بالخضار والتوابل,definition,2,curated
طاجين العدس,food,عدس مغربي مطهو بالطماطم والثوم,definition,2,curated
طاجين الكرفس,food,خضار مغربية مطهوة مع الكرفس والزيتون,definition,2,curated
كسكس بالخضار,food,كسكس مغربي بالخضار الموسمية فقط,definition,2,curated
شوربة بيضاء,food,حساء مغربي خفيف بالدجاج والنشا,definition,2,curated
بريوش مغربي,food,خبز مغربي إسفنجي يُقدم في المناسبات,definition,2,curated
خبز شعير,food,خبز مغربي من دقيق الشعير ذو طعم مميز,definition,2,curated
الكدية البيضاء,geography,مرتفع أبيض بالقرب من مدينة أصيلة,definition,2,curated
شعبة,geography,وادٍ صغير في جبال المغرب يجمع مياه الأمطار,definition,2,curated
المدينة العتيقة,geography,الحي التاريخي القديم في مدن المغرب,definition,2,curated
البحر الأبيض,geography,البحر المتوسط الذي تطل عليه شمال المغرب,definition,2,curated
الأطلس الكبير,geography,سلسلة جبلية مغربية تمتد بين الصحراء والبحر,definition,2,curated
الأطلس الصغير,geography,سلسلة جبلية مغربية جنوب مراكش,definition,2,curated
الأطلس المتوسط,geography,سلسلة جبلية مغربية وسطى تشتهر بغاباتها,definition,2,curated
الريف,geography,جبال شمال المغرب المطلة على البحر المتوسط,definition,2,curated
درعة,geography,وادٍ طويل مغربي يمتد نحو الصحراء,definition,2,curated
نهر أم الربيع,geography,أطول أنهار المغرب يصب في الأطلسي,definition,2,curated
نهر سبو,geography,نهر مغربي يمر بفاس والقنيطرة,definition,2,curated
نهر ملوية,geography,نهر مغربي شرقي يصب في المتوسط,definition,2,curated
الحوز,geography,سهل مغربي خصيب حول مراكش,definition,2,curated
الغرب,geography,سهل مغربي خصيب شمال الرباط,definition,2,curated
الشاوية,geography,سهل مغربي وسطي يضم الدار البيضاء,definition,2,curated
سوس,geography,منطقة مغربية جنوبية تشتهر بزيت الأركان,definition,2,curated
درب السلطان,geography,حي شعبي تاريخي في الدار البيضاء,definition,2,curated
الحمام المغربي,tradition,طقس تنظيف تقليدي مغربي بالبخار والكيس,definition,2,curated
الجلابة,tradition,لباس مغربي تقليدي بقلنسوة للرجال والنساء,definition,2,curated
الطربوش,tradition,غطاء رأس أحمر تقليدي مغربي,definition,2,curated
البلغة,tradition,نعل جلدي مغربي تقليدي لا كعب له,definition,2,curated
القفطان,tradition,لباس مغربي فاخر للنساء في المناسبات,definition,2,curated
زليج,tradition,بلاط فسيفسائي ملون يزين المباني المغربية,definition,2,curated
أركان,tradition,شجرة مغربية نادرة تُستخرج منها زيت الأركان,definition,2,curated
عيساوة,tradition,طريقة صوفية مغربية تشتهر بموسيقاها,definition,2,curated
