إفرست,mountains,أعلى قمة في العالم في الهيمالايا,definition,2,curated
كي 2,mountains,ثاني أعلى قمة في العالم في كاراكوروم,definition,2,curated
كانشينجونغا,mountains,ثالث أعلى قمة في العالم بين نيبال والهند,definition,2,curated
لوتسي,mountains,رابع أعلى قمة في العالم في الهيمالايا,definition,2,curated
ماكالو,mountains,خامس أعلى قمة في العالم قرب إفرست,definition,2,curated
تشو أويو,mountains,سادس أعلى قمة في العالم على حدود التبت,definition,2,curated
دولاجيري,mountains,سابع أعلى قمة في العالم في نيبال,definition,2,curated
ماناسلو,mountains,ثامن أعلى قمة في العالم في نيبال,definition,2,curated
نانغا باربات,mountains,تاسع أعلى قمة في العالم في باكستان,definition,2,curated
أناپورنا,mountains,عاشر أعلى قمة في العالم وأخطرها في نيبال,definition,2,curated
غاشربروم,mountains,قمم متعددة في كاراكوروم من أعلى الجبال,definition,2,curated
برود بيك,mountains,قمة ضخمة في كاراكوروم تتجاوز ثمانية آلاف متر,definition,2,curated
شيشا بانغما,mountains,أدنى قمة من الثمانيات الأربعة عشر في التبت,definition,2,curated
أكونكاغوا,mountains,أعلى قمة في الأمريكتين في الأرجنتين,definition,2,curated
ماكينلي,mountains,أعلى قمة في أمريكا الشمالية في ألاسكا,definition,2,curated
دينالي,mountains,الاسم الأصلي لأعلى قمة في أمريكا الشمالية,definition,2,curated
كليمنجارو,mountains,أعلى قمة في أفريقيا ذات قمة ثلجية في تنزانيا,definition,2,curated
كازبيك,mountains,بركان خامد في القوقاز على الحدود الروسية الجورجية,definition,2,curated
إلبروس,mountains,أعلى قمة في أوروبا في جبال القوقاز بروسيا,definition,2,curated
مون بلان,mountains,أعلى قمة في جبال الألب بين فرنسا وإيطاليا,definition,2,curated
ماتر هورن,mountains,قمة هرمية مميزة على حدود سويسرا وإيطاليا,definition,2,curated
يونغفراو,mountains,قمة بارزة في الألب السويسرية تعني الفتاة,definition,2,curated
جنغفراو,mountains,اسم بديل ليونغفراو في الألب السويسرية,definition,2,curated
ايغر,mountains,قمة سويسرية خطرة معروفة بجدارها الشمالي الشاهق,definition,2,curated
إيتنا,mountains,بركان نشط في جزيرة صقلية الإيطالية,definition,2,curated
فيزوف,mountains,بركان دفن بومبي في إيطاليا عام 79 ميلادي,definition,2,curated
سترومبولي,mountains,جزيرة بركانية نشطة في البحر المتوسط بإيطاليا,definition,2,curated
فوجي,mountains,بركان خامد مقدس رمز اليابان في هونشو,definition,2,curated
أتاكاما,mountains,هضبة بركانية في أعلى صحراء العالم بتشيلي,definition,2,curated
أنديز,mountains,أطول سلسلة جبلية في العالم بأمريكا الجنوبية,definition,2,curated
الألب,mountains,أعظم سلاسل جبال أوروبا الوسطى,definition,2,curated
البيرينية,mountains,سلسلة جبلية تفصل فرنسا عن إسبانيا,definition,2,curated
الكاربات,mountains,سلسلة جبلية كبرى في وسط أوروبا الشرقية,definition,2,curated
الأبلاش,mountains,سلسلة جبلية قديمة في شرق أمريكا الشمالية,definition,2,curated
الروكي,mountains,سلسلة جبال ضخمة في غرب أمريكا الشمالية,definition,2,curated
الهيمالايا,mountains,أعلى سلسلة جبلية في العالم في آسيا,definition,2,curated
القوقاز,mountains,سلسلة جبلية بين البحر الأسود وبحر قزوين,definition,2,curated
الأطلس,mountains,سلسلة جبلية كبرى تمتد عبر شمال أفريقيا,definition,2,curated
الأطلس الأوسط,mountains,سلسلة جبلية وسطى في المغرب ذات غابات وثلوج,definition,2,curated
الأطلس الأعلى,mountains,أعلى سلاسل جبال المغرب موطن توبقال,definition,2,curated
الأطلس الصغير,mountains,سلسلة جنوبية تشرف على الصحراء في المغرب,definition,2,curated
الريف,mountains,سلسلة جبلية شمال المغرب المشرفة على المتوسط,definition,2,curated
الكبير,mountains,جبل مرتفع شمال المغرب يطل على الريف,definition,2,curated
توبقال,mountains,أعلى قمة في شمال أفريقيا في الأطلس الكبير,definition,2,curated
أرارات,mountains,جبل بركاني شامخ في تركيا رمز الأرمن الكبرى,definition,2,curated
طور سيناء,mountains,جبل الوحي والشريعة في سيناء المصرية,definition,2,curated
جبل صنين,mountains,قمة لبنانية شامخة مكسوة بالثلوج شرقي بيروت,definition,2,curated
حرمون,mountains,جبل الثلج الأبيض على حدود لبنان وسوريا,definition,2,curated
الشيخ,mountains,قمة جبل حرمون الأعلى في جنوب سوريا,definition,2,curated
جبل الشيخ,mountains,ذروة الجبال في بلاد الشام يعلوها الثلج,definition,2,curated
عوكر,mountains,قرية لبنانية جبلية قرب بيروت مقر السفارات,definition,2,curated
الجبال الزرقاء,mountains,سلسلة جبلية خضراء في شرق أستراليا,definition,2,curated
الجبال الصخرية,mountains,اسم عربي لسلسلة الروكي في أمريكا الشمالية,definition,2,curated
السلسلة الساحلية,mountains,جبال تمتد على امتداد ساحل المحيط الهادئ,definition,2,curated
السهل المصري,mountains,منطقة شبه جبلية في شمال شرق مصر الصحراوية,definition,2,curated
أوريغون,mountains,ولاية أمريكية ذات قمم بركانية خضراء,definition,2,curated
هاواي,mountains,جزر بركانية في المحيط الهادئ تشكل ولاية أمريكية,definition,2,curated
سان فرانسيسكو,mountains,مدينة أمريكية ذات تلال شهيرة وبوابة ذهبية,definition,2,curated
ماوي,mountains,جزيرة هاواية فيها بركان هاليكالا الضخم,definition,2,curated
مولوكاي,mountains,جزيرة هاواية ذات جروف ساحلية شاهقة,definition,2,curated
كوناكري,mountains,عاصمة غينيا ساحلية قرب جبال فوتا جالون,definition,2,curated
نيبال,mountains,دولة جبلية في آسيا تضم أعلى قمم الأرض,definition,2,curated
مانغاروا,mountains,قمة ركامية بركانية في جزر المحيط الهادئ,definition,2,curated
بين نيبال,mountains,الحدود الجبلية الطبيعية بين نيبال والصين,definition,2,curated
جبل سيون,mountains,تل مقدس في القدس ارتبط بالتراث الديني,definition,2,curated
جبل الزيتون,mountains,تل تاريخي مقدس في شرقي القدس,definition,2,curated
جبل عرفات,mountains,ربوة قرب مكة موقف الحجاج يوم عرفة,definition,2,curated
جبل النور,mountains,جبل مكة حيث غار حراء ونزل الوحي,definition,2,curated
جبل ثور,mountains,جبل مكة حيث اختبأ النبي في الهجرة,definition,2,curated
جبل أحد,mountains,جبل المدينة المنورة موقع غزوة أحد,definition,2,curated
جبل لبنان,mountains,السلسلة الغربية الرئيسية في لبنان,definition,2,curated
جبل عامل,mountains,سلسلة جنوب لبنان الجبلية العريقة,definition,2,curated
جبل الدروز,mountains,هضبة بازلتية في جنوب سوريا موطن الموحدين,definition,2,curated
جبل باطنة,mountains,سلسلة جبلية في شمال عُمان الساحلية,definition,2,curated
جبل أخضر,mountains,سلسلة في عُمان ذات غابات وواحات خلابة,definition,2,curated
جبل شمس,mountains,أعلى قمة في عُمان والجزيرة العربية,definition,2,curated
جبل صبر,mountains,جبل في اليمن مشهور بمزارعه المدرجة,definition,2,curated
