حسون,animal,طائر مغرد بريش ملون,definition,2,curated
شحرور,animal,طائر أسود صوته جميل,definition,2,curated
كناري,animal,طائر أصفر يُربى في القفص,definition,2,curated
باشق,animal,طائر جارح صغير الحجم,definition,2,curated
عقاب,animal,طائر جارح كبير يحلق عالياً,definition,2,curated
حدأة,animal,طائر جارح من الصقريات,definition,2,curated
غراب,animal,طائر أسود يُضرب به المثل,definition,2,curated
سنونو,animal,طائر مهاجر سريع الطيران,definition,2,curated
نقار الخشب,animal,طائر ينقر الأشجار بمنقاره,definition,2,curated
طائر طنان,animal,طائر صغير يرفرف بسرعة فائقة,definition,2,curated
فلامنغو,animal,طائر وردي يقف على ساق واحدة,definition,2,curated
مالك الحزين,animal,طائر مائي طويل العنق,definition,2,curated
إوز,animal,طيور مائية أكبر من البطة,definition,2,curated
حبارى,animal,طائر صحراوي كبير الجثة,definition,2,curated
ديك رومي,animal,طائر داجن ضخم يُذبح في الأعياد,definition,2,curated
بجعة,animal,طائر مائي أبيض الريش,definition,2,curated
حمام زاجل,animal,حمام يُستعمل لنقل الرسائل,definition,2,curated
طاووس هندي,animal,طائر زاهي الألوان ذو ذيل بديع,definition,2,curated
نسر أبيض,animal,نسر برأس أبيض رمز الأمريكتين,definition,2,curated
صرد,animal,طائر صغير يصطاد الحشرات,definition,2,curated
هدهد,animal,طائر ذو تاج ريشي مذكور في القرآن,definition,2,curated
حجل,animal,طائر بري بجانبين ملونين,definition,2,curated
طيهوج,animal,طائر بري يُصاد للرياضة,definition,2,curated
هزار,animal,طائر معروف بصوته العذب,definition,2,curated
زرزور,animal,طائر يُهاجر في أسراب كثيفة,definition,2,curated
أبو الحن,animal,طائر ليلي صغير,definition,2,curated
شقراق,animal,طائر ذو ريش أزرق لامع,definition,2,curated
أبو منجل,animal,طائر ذو منقار منحنٍ طويل,definition,2,curated
ديك الحبش,animal,طائر ذو رأس أحمر قانٍ,definition,2,curated
طائر النورس,animal,طائر بحري يحلق فوق الأمواج,definition,2,curated
غطاس,animal,طائر بحري يغطس للصيد,definition,2,curated
كركي,animal,طائر مهاجر رشيق طويل الساقين,definition,2,curated
أبلق,animal,طائر مائي أبقع الريش,definition,2,curated
طائر الجنة,animal,طائر استوائي ذو ريش بديع,definition,2,curated
صرصور,animal,حشرة منزلية سريعة وعنيدة,definition,2,curated
ذبابة,animal,حشرة طائرة ناقلة للجراثيم,definition,2,curated
بعوضة,animal,حشرة تلسع وتنقل الملاريا,definition,2,curated
خنفساء,animal,حشرة ذات قشرة صلبة لامعة,definition,2,curated
دودة القز,animal,يرقة تنتج الحرير الطبيعي,definition,2,curated
زنبور,animal,حشرة لاسعة تشبه النحلة,definition,2,curated
دبور,animal,حشرة لاسعة أكبر من الزنبور,definition,2,curated
نمل أبيض,animal,حشرة اجتماعية تأكل الخشب,definition,2,curated
عقرب الماء,animal,حشرة مائية تشبه العقرب,definition,2,curated
أم أربع وأربعين,animal,حشرة كثيرة الأرجل,definition,2,curated
ميمة,animal,حشرة ريشية تمص عصارة النبات,definition,2,curated
سلمون,animal,سمكة وردية تسبح ضد التيار,definition,2,curated
حبار,animal,رخوي بحري يطلق الحبر,definition,2,curated
حصان البحر,animal,سمكة صغيرة على شكل حصان,definition,2,curated
أرنبة البحر,animal,رخوي بحري ذو قرون,definition,2,curated
قنفذ البحر,animal,قنفذ بحري مغطى بأشواك,definition,2,curated
مرجان,animal,كائن بحري يبني الشعاب المرجانية,definition,2,curated
إسفنج,animal,كائن بحري مسامي بلا أعضاء,definition,2,curated
أنيمون البحر,animal,كائن بحري ذو لوامس ملونة,definition,2,curated
نجم البحر الشوكي,animal,نجم بحري مغطى بأشواك,definition,2,curated
كركند,animal,قشريات بحري كبير يُؤكل مشوياً,definition,2,curated
بطلينوس,animal,محار ذو صدفتين يُؤكل,definition,2,curated
سمكة الببغاء,animal,سمكة استوائية ملونة تأكل المرجان,definition,2,curated
أنقليس,animal,سمكة ثعبانية الشكل,definition,2,curated
سمكة الأسد,animal,سمكة سامة ذات زعانف كالأشواك,definition,2,curated
حرباء,animal,زاحف يغير لونه حسب بيئته,definition,2,curated
أبو بريص,animal,زاحف صغير يمشي على الجدران,definition,2,curated
فأر الحقل,animal,قارض صغير يعيش في الحقول,definition,2,curated
جرذ,animal,قارض أكبر من الفأر يعيش في المجاري,definition,2,curated
غزال دوركاس,animal,غزال صغير يعيش في شمال أفريقيا,definition,2,curated
وشق,animal,قط بري ذو أذنين مدببتين,definition,2,curated
نمس,animal,حيوان صغير يصطاد الثعابين,definition,2,curated
نمس مصري,animal,نمس معروف بمحاربة الكوبرا,definition,2,curated
ابن عرس,animal,حيوان صغير طويل رشيق,definition,2,curated
دب قطبي,animal,دب أبيض يعيش في القطب الشمالي,definition,2,curated
ثعلب القطب,animal,ثعلب أبيض يعيش في الثلوج,definition,2,curated
فقمة,animal,ثديي بحري يعيش على الجليد,definition,2,curated
دلفين نهري,animal,دلفين يعيش في الأنهار العذبة,definition,2,curated
خفاش الفاكهة,animal,خفاش كبير يتغذى على الفواكه,definition,2,curated
خنزير الماء,animal,أضخم قارض في العالم,definition,2,curated
ابن آوى,animal,حيوان يشبه الذئب يعوي ليلاً,definition,2,curated
فنك,animal,ثعلب صحراوي ذو آذان عملاقة,definition,2,curated
قط وحشي,animal,قط بري متوسط الحجم,definition,2,curated
أيل,animal,غزال كبير ذو قرون متشعبة,definition,2,curated
خرتيت,animal,حيوان ضخم ذو قرن على أنفه,definition,2,curated
زبابة,animal,ثديي صغير حشري يشبه الفأر,definition,2,curated
شقائق النعمان,plant,زهرة حمراء برية تنبت في الربيع,definition,2,curated
عبادة الشمس,plant,نبتة كبيرة بزهرة صفراء تتجه للشمس,definition,2,curated
توليب,plant,زهرة ربيعية على شكل كأس,definition,2,curated
خزامى,plant,نبتة بنفسجية عطرة من جبال أطلس,definition,2,curated
آذريون,plant,زهرة برتقالية تُزرع في الحدائق,definition,2,curated
قطيفة,plant,زهرة حمراء مخملية,definition,2,curated
دفلى,plant,شجيرة زهرية سامة,definition,2,curated
سرخس,plant,نبتة خضراء لا تُزهر تحب الرطوبة,definition,2,curated
صبار,plant,نبات شوكي يحتفظ بالماء,definition,2,curated
صنوبر حلبي,plant,شجرة إبرية شائعة في البحر المتوسط,definition,2,curated
أرز لبنان,plant,شجرة عملاقة رمز لبنان الوطني,definition,2,curated
عرعر,plant,شجيرة إبرية عطرة,definition,2,curated
بردي,plant,نبات مائي استُعمل لصنع الورق قديماً,definition,2,curated
بامية,plant,خضار أخضر لزج يُطهى في الحساء,definition,2,curated
أقحوان بري,plant,زهرة بيضاء وصفراء تنبت في الحقول,definition,2,curated
حبة البركة,plant,بذور سوداء عطرية ذات فوائد طبية,definition,2,curated
شفق قطبي,nature,ظاهرة ضوئية ملونة في السماء الشمالية,definition,2,curated
تسونامي,nature,موجة بحرية عملاقة تسبب الدمار,definition,2,curated
كثيب,nature,تل رملي تشكّله الرياح في الصحراء,definition,2,curated
خانق,nature,وادٍ ضيق بين جبال شاهقة,definition,2,curated
