ميتافيزيقا,philosophy,ما وراء الطبيعة,definition,2,curated
أنطولوجيا,philosophy,علم الوجود,definition,2,curated
إبستمولوجيا,philosophy,علم المعرفة,definition,2,curated
ظواهرية,philosophy,دراسة الظواهر الواعية,definition,2,curated
وجودية,philosophy,فلسفة الحرية والوجود,definition,2,curated
براغماتية,philosophy,الحقيقة بالنفع العملي,definition,2,curated
ماركسية,philosophy,فلسفة جدلية مادية,definition,2,curated
رواقية,philosophy,فلسفة الصبر وضبط النفس,definition,2,curated
أبيقورية,philosophy,فلسفة السعادة الهادئة,definition,2,curated
شكية,philosophy,التشكيك في إمكان المعرفة,definition,2,curated
عقلانية,philosophy,العقل أساس المعرفة,definition,2,curated
تجريبية,philosophy,التجربة أساس المعرفة,definition,2,curated
تنويرية,philosophy,فلسفة العقل والحداثة,definition,2,curated
أخلاق,philosophy,علم القيم والفضائل,definition,2,curated
علم الجمال,philosophy,فلسفة الفن والجمال,definition,2,curated
منطق رمزي,philosophy,منطق بالرموز الرياضية,definition,2,curated
منطق صوري,philosophy,قواعد الاستدلال الصحيح,definition,2,curated
حجة,philosophy,برهان لإثبات رأي,definition,2,curated
قياس,philosophy,استنتاج من مقدمتين,definition,2,curated
استنباط,philosophy,من الكلي إلى الجزئي,definition,2,curated
استقراء,philosophy,من الجزئي إلى الكلي,definition,2,curated
فرضية,philosophy,افتراض قابل للاختبار,definition,2,curated
نظرية,philosophy,تفسير مُثبت بالأدلة,definition,2,curated
مبدأ,philosophy,قاعدة أساسية في الفكر,definition,2,curated
أرسطو,philosophy,مؤسس المنطق الصوري,definition,2,curated
أفلاطون,philosophy,فيلسوف المُثُل والجمهورية,definition,2,curated
سقراط,philosophy,فيلسوف الحوار والجدل,definition,2,curated
ديوجين,philosophy,فيلسوف الكلبية الزاهد,definition,2,curated
إبيقور,philosophy,فيلسوف اللذة الهادئة,definition,2,curated
زينون,philosophy,مؤسس الفلسفة الرواقية,definition,2,curated
ديكارت,philosophy,أبو الفلسفة الحديثة,definition,2,curated
سبينوزا,philosophy,فيلسوف وحدة الوجود,definition,2,curated
لايبنتس,philosophy,فيلسوف المونادات,definition,2,curated
كانط,philosophy,فيلسوف العقل الخالص,definition,2,curated
هيغل,philosophy,فيلسوف الجدل التاريخي,definition,2,curated
نيتشه,philosophy,فيلسوف الإرادة والقوة,definition,2,curated
شوبنهاور,philosophy,فيلسوف التشاؤم والإرادة,definition,2,curated
كيركيغارد,philosophy,رائد الفلسفة الوجودية,definition,2,curated
سارتر,philosophy,فيلسوف الوجود والحرية,definition,2,curated
كامو,philosophy,فيلسوف العبث والتمرد,definition,2,curated
فوكو,philosophy,فيلسوف السلطة والمعرفة,definition,2,curated
دريدا,philosophy,مؤسس التفكيكية,definition,2,curated
دلوز,philosophy,فيلسوف الاختلاف والتكرار,definition,2,curated
الكندي,philosophy,أول الفلاسفة العرب,definition,2,curated
الفارابي,philosophy,المعلم الثاني بعد أرسطو,definition,2,curated
ابن سينا,philosophy,فيلسوف وطبيب موسوعي,definition,2,curated
ابن رشد,philosophy,شارح أرسطو الأكبر,definition,2,curated
الغزالي,philosophy,ناقد الفلاسفة في التهافت,definition,2,curated
ابن طفيل,philosophy,مؤلف حي بن يقظان,definition,2,curated
ابن باجة,philosophy,فيلسوف أندلسي متصوف,definition,2,curated
الجابري,philosophy,مفكر نقد العقل العربي,definition,2,curated
المنطق الأرسطي,philosophy,منهج القياس والبرهان,definition,2,curated
علم الكلام,philosophy,اللاهوت العقلي الإسلامي,definition,2,curated
حكمة عملية,philosophy,معرفة تُوجّه الفعل,definition,2,curated
حكمة نظرية,philosophy,معرفة الحقائق المجردة,definition,2,curated
فضيلة,philosophy,خُلُق حسن راسخ,definition,2,curated
رذيلة,philosophy,خُلُق سيء مذموم,definition,2,curated
حرية,philosophy,إرادة الفعل دون إكراه,definition,2,curated
عدالة,philosophy,إعطاء كل ذي حق حقه,definition,2,curated
حقيقة,philosophy,مطابقة القول للواقع,definition,2,curated
ظاهر,philosophy,ما يُدرك بالحواس مباشرة,definition,2,curated
باطن,philosophy,ما يخفى خلف الظاهر,definition,2,curated
خير,philosophy,ما يُطلب لذاته,definition,2,curated
شر,philosophy,ما يُنفر منه طبعاً,definition,2,curated
جمال,philosophy,ما يُثير البهجة الحسية,definition,2,curated
قبح,philosophy,نقيض الجمال في الجمالية,definition,2,curated
فن,philosophy,إبداع إنساني ذو قيمة جمالية,definition,2,curated
فلسفة العلم,philosophy,نقد أسس المعرفة العلمية,definition,2,curated
فلسفة الأخلاق,philosophy,دراسة القيم والفضائل,definition,2,curated
فلسفة السياسة,philosophy,أسس الحكم والعدالة,definition,2,curated
فلسفة اللغة,philosophy,معنى اللغة وحدودها,definition,2,curated
الجوهر,philosophy,ما يقوم بنفسه لا بغيره,definition,2,curated
العَرَض,philosophy,ما يقوم بجوهر لا بنفسه,definition,2,curated
الكوجيتو,philosophy,أنا أفكر إذن أنا موجود,definition,2,curated
اللاأدرية,philosophy,الإقرار بعجز العقل,definition,2,curated
الديالكتيك,philosophy,الجدل بين الأطروحة ونقيضها,definition,2,curated
المادية,philosophy,الواقع مادي لا روحاني,definition,2,curated
المثالية,philosophy,الواقع قائم في العقل,definition,2,curated
الوضعية,philosophy,المعرفة مصدرها الحواس فقط,definition,2,curated
النسبية,philosophy,الحقيقة تختلف بالسياق,definition,2,curated
