قصيدة,art,قالب شعري كامل متعدد الأبيات,definition,2,curated
معلقة,art,من عيون الشعر الجاهلي المعلق بالكعبة,definition,2,curated
موشحة,art,شعر أندلسي متعدد الأوزان,definition,2,curated
مقامة,art,نثر فني بالسجع والبديع,definition,2,curated
قطعة,art,أبيات قليلة في موضوع واحد,definition,2,curated
أرجوزة,art,قصيدة على بحر الرجز,definition,2,curated
مرثية,art,شعر في رثاء الميت,definition,2,curated
مديح,art,شعر في الثناء والتمجيد,definition,2,curated
هجاء,art,شعر في الذم والسب,definition,2,curated
غزل,art,شعر في وصف الحب,definition,2,curated
نسيب,art,مقدمة القصيدة في ذكر الحبيبة,definition,2,curated
تشبيب,art,التغزل في الشباب والنساء,definition,2,curated
نظم,art,صياغة الكلام موزوناً,definition,2,curated
بحر,art,ميزان الشعر وإيقاعه,definition,2,curated
طويل,art,أطول بحور الشعر العربي,definition,2,curated
بسيط,art,بحر ذو تفعيلتين أساسيتين,definition,2,curated
كامل,art,بحر سُمِّي لكماله وتمامه,definition,2,curated
وافر,art,بحر وفير التفعيلات,definition,2,curated
رمل,art,بحر خفيف في السمع,definition,2,curated
رجز,art,أبسط البحور تفعيلةً,definition,2,curated
خفيف,art,بحر لطيف ورشيق,definition,2,curated
سريع,art,بحر يجري بسرعة الإيقاع,definition,2,curated
مديد,art,بحر الصوت الممدود,definition,2,curated
مجتث,art,بحر مقطوع من الخفيف,definition,2,curated
منسرح,art,بحر ذو إيقاع منسجم,definition,2,curated
مقتضب,art,بحر قصير التفعيلات,definition,2,curated
مضارع,art,بحر يشبه الخفيف,definition,2,curated
متقارب,art,بحر متساوي التفعيلات,definition,2,curated
متدارك,art,بحر أحدثه الأخفش,definition,2,curated
قافية,art,ختام كل بيت من الشعر,definition,2,curated
روي,art,الحرف الأساسي في القافية,definition,2,curated
وصل,art,هاء تلحق روي القافية,definition,2,curated
خروج,art,حرف يتبع هاء الوصل,definition,2,curated
رد,art,حرف بعد الألف في القافية,definition,2,curated
حذو,art,حركة ما قبل الروي,definition,2,curated
إشباع,art,إطالة حركة روي القافية,definition,2,curated
تقطيع,art,تحليل البيت إلى تفعيلاته,definition,2,curated
تفعيلة,art,وحدة إيقاعية في العروض,definition,2,curated
عروض,art,علم موازين الشعر,definition,2,curated
ضرب,art,التفعيلة الأخيرة في الشطر,definition,2,curated
حشو,art,تفعيلات البيت بين الصدر والعجز,definition,2,curated
صدر,art,الشطر الأول من البيت,definition,2,curated
عجز,art,الشطر الثاني من البيت,definition,2,curated
تصريع,art,توافق قافية الصدر والعجز في البيت الأول,definition,2,curated
تدوير,art,امتداد الكلمة على الشطرين,definition,2,curated
جناس,art,تشابه اللفظين واختلاف المعنى,definition,2,curated
طباق,art,الجمع بين الضدين في البيت,definition,2,curated
استعارة,art,نقل اللفظ لمعنى مجازي,definition,2,curated
تشبيه,art,الربط بين شيئين بأداة تشبيه,definition,2,curated
كناية,art,إرادة اللازم لا الملزوم,definition,2,curated
مجاز,art,استعمال اللفظ في غير معناه الحقيقي,definition,2,curated
مقابلة,art,مقابلة المعاني بعضها ببعض,definition,2,curated
تورية,art,إيهام بمعنيين أحدهما مخفي,definition,2,curated
رد العجز على الصدر,art,تكرار كلمة الصدر في العجز,definition,2,curated
حسن المطلع,art,جودة مستهل القصيدة,definition,2,curated
حسن المقطع,art,جودة خاتمة القصيدة,definition,2,curated
براعة الاستهلال,art,إشارة المطلع للغرض الرئيسي,definition,2,curated
اقتباس,art,إدراج نص قرآني في الشعر,definition,2,curated
تضمين,art,إيداع بيت شعري في آخر,definition,2,curated
التفات,art,التحول من ضمير إلى ضمير آخر,definition,2,curated
شجاعة العربية,art,مخالفة القاعدة لضرورة بلاغية,definition,2,curated
تجاهل العارف,art,التظاهر بالجهل لغرض بلاغي,definition,2,curated
زحاف,art,تغيير في حشو التفعيلة,definition,2,curated
علة,art,تغيير في ضرب التفعيلة أو عروضها,definition,2,curated
خبن,art,حذف الثاني الساكن من التفعيلة,definition,2,curated
قطف,art,حذف السبب الخفيف من آخر التفعيلة,definition,2,curated
بيت,art,وحدة بنائية في القصيدة,definition,2,curated
مقطع,art,جزء من الموشحة,definition,2,curated
خرجة,art,خاتمة الموشحة الأندلسية,definition,2,curated
قسيم,art,شطر من الموشحة موافق الوزن,definition,2,curated
مطلع,art,أول أبيات القصيدة,definition,2,curated
مقفى,art,شعر تتوافق قوافي أبياته,definition,2,curated
مرسل,art,شعر بلا قافية محددة,definition,2,curated
دور,art,وحدة متكررة في الموشحة,definition,2,curated
سرقة,art,أخذ معنى الشاعر من آخر,definition,2,curated
انتحال,art,نسب شعر الغير لنفسه,definition,2,curated
شاهد,art,بيت شعري استشهد به النحاة,definition,2,curated
وقف,art,السكوت على آخر الكلمة في الإنشاد,definition,2,curated
إيطاء,art,تكرار روي القافية بنفس المعنى,definition,2,curated
تأبيد,art,توظيف الشعر لتخليد الذكرى,definition,2,curated
