عالم بيانات,job,يحلل البيانات الضخمة,متخصص في استخلاص المعرفة من البيانات,2,curated
مهندس برمجيات,job,يصمم ويطور البرامج,متخصص في تطوير أنظمة البرمجيات,2,curated
مهندس شبكات,job,يبني شبكات الحواسيب,متخصص في تصميم وصيانة الشبكات,2,curated
مهندس أمن سيبراني,job,يحمي الأنظمة من الاختراق,متخصص في أمن المعلومات والحماية الرقمية,2,curated
مطور تطبيقات,job,يبني تطبيقات الهاتف,متخصص في برمجة تطبيقات الجوال,2,curated
مطور ويب,job,يصنع المواقع الإلكترونية,متخصص في بناء وتطوير مواقع الإنترنت,2,curated
مدير منتج,job,يقود تطوير المنتج,يشرف على دورة حياة المنتج من الفكرة للإطلاق,2,curated
محلل بيانات,job,يفسر أنماط البيانات,يدرس مجموعات البيانات ويستخلص الأنماط,2,curated
خبير أعمال,job,يحسّن عمليات الشركات,يقيّم الأنشطة التجارية ويقترح التحسينات,2,curated
استشاري إدارة,job,يقدم حلول تنظيمية,ينصح المؤسسات في تحسين استراتيجياتها,2,curated
مدقق مالي,job,يراجع السجلات المحاسبية,يفحص الحسابات ويكشف الأخطاء والغش,2,curated
مستشار قانوني,job,يقدم آراء قانونية,متخصص في إسداء المشورة في المسائل القانونية,2,curated
خبير عقاري,job,يقيّم العقارات,متخصص في تحليل وتقييم أسواق العقارات,2,curated
وسيط,job,يربط البائع بالمشتري,يتوسط بين الأطراف لإتمام الصفقات,2,curated
سمسار,job,يتاجر بالأوراق المالية,يشتري ويبيع الأسهم بالنيابة عن العملاء,2,curated
خبير تأمين,job,يقيّم مخاطر التأمين,يحدد شروط وأسعار وثائق التأمين,2,curated
اكتواري,job,يحسب مخاطر التأمين,يستعمل الإحصاء لتسعير المخاطر المالية,2,curated
إحصائي,job,يحلل البيانات رياضياً,يطبق الأساليب الإحصائية لتفسير البيانات,2,curated
أكاديمي,job,يدرّس ويبحث في الجامعة,عضو هيئة تدريسية يجمع التعليم والبحث,2,curated
باحث,job,يجري دراسات علمية,يستقصي الظواهر بمنهجية علمية دقيقة,2,curated
عالم,job,يكتشف قوانين الطبيعة,يعمل على تطوير المعرفة العلمية بالتجربة,2,curated
فيزيائي,job,يدرس قوانين المادة,متخصص في قوانين الطبيعة والطاقة والمادة,2,curated
كيميائي,job,يدرس تركيب المواد,متخصص في تركيب المواد وتفاعلاتها,2,curated
بيولوجي,job,يدرس الكائنات الحية,متخصص في علم الحياة والأحياء,2,curated
طبيب أعصاب,job,يعالج أمراض الجهاز العصبي,متخصص في تشخيص وعلاج أمراض الأعصاب,2,curated
طبيب نفسي,job,يعالج الاضطرابات النفسية,طبيب متخصص في الصحة النفسية والعقلية,2,curated
طبيب أطفال,job,يعتني بصحة الأطفال,متخصص في طب الأطفال من الولادة حتى المراهقة,2,curated
طبيب نساء,job,يعتني بصحة المرأة,متخصص في أمراض النساء والتوليد,2,curated
جراح قلب,job,يُجري عمليات القلب,متخصص في الجراحات الدقيقة للقلب والشرايين,2,curated
جراح أعصاب,job,يُجري عمليات الدماغ,متخصص في جراحة الجهاز العصبي المركزي,2,curated
جراح عظام,job,يُجري عمليات العظام,متخصص في جراحة العظام والمفاصل,2,curated
صيدلي,job,يصرف الأدوية ويرشد المرضى,متخصص في الأدوية وتأثيراتها وجرعاتها,2,curated
خبير تغذية,job,يضع خطط غذائية,متخصص في العلوم الغذائية والتغذية السليمة,2,curated
اختصاصي تغذية,job,يعالج اضطرابات التغذية,متخصص في تقييم الحالة الغذائية وتصحيحها,2,curated
معالج طبيعي,job,يعيد حركة الجسم,متخصص في العلاج الفيزيائي لاستعادة الوظائف الحركية,2,curated
معالج كلام,job,يعالج اضطرابات النطق,متخصص في تشخيص وعلاج اضطرابات اللغة والكلام,2,curated
معالج وظيفي,job,يُعيد الاستقلالية اليومية,يساعد المرضى على ممارسة أنشطة الحياة اليومية,2,curated
اختصاصي تخاطب,job,يعالج تأخر الكلام,متخصص في التدخل المبكر لاضطرابات التواصل,2,curated
معالج نفسي,job,يجري جلسات علاجية,يعالج المشكلات النفسية بأساليب العلاج النفسي,2,curated
طبيب أسنان,job,يعالج الأسنان واللثة,متخصص في صحة الفم والأسنان,2,curated
صانع أحذية,job,يصنع الأحذية يدوياً,حرفي يُقطّع الجلد ويخيطه ليصنع الأحذية,2,curated
صانع ساعات,job,يصنع الساعات ويصلحها,حرفي دقيق يُركّب آليات الساعات وينظمها,2,curated
صانع مجوهرات,job,يصوغ الذهب والمجوهرات,حرفي يُشكّل المعادن الثمينة والأحجار الكريمة,2,curated
نجار,job,يصنع الأثاث الخشبي,حرفي يعمل في تشكيل الخشب وصنع المفروشات,2,curated
حداد,job,يشكّل الحديد بالنار,حرفي يصنع أدوات وهياكل من الحديد المنصهر,2,curated
خراط,job,ينحت بالمخرطة,حرفي يشغّل المخرطة لتشكيل المعادن والخشب,2,curated
خياط,job,يفصّل الملابس ويخيطها,حرفي يقيس ويقصّ ويخيط الأقمشة لصنع الثياب,2,curated
خياطة,job,تُفصّل الثياب وتخيطها,حِرفيّة تتخصص في قص الأقمشة وخياطتها,2,curated
مصمم أزياء,job,يبتكر تصاميم الملابس,يرسم مجموعات الأزياء ويحدد قماشها وألوانها,2,curated
مصمم داخلي,job,يُزيّن الفضاءات الداخلية,يصمم ديكورات المنازل والمكاتب ويختار الأثاث,2,curated
مصمم جرافيك,job,يبتكر صوراً ورسوماً,يستخدم الحاسوب لإنشاء المحتوى البصري,2,curated
مصمم مواقع,job,يصمم واجهات الويب,يُصمّم التجربة البصرية للمواقع الإلكترونية,2,curated
صانع أفلام,job,يُنتج الأفلام السينمائية,يُشرف على إنتاج الأفلام من الكتابة للتوزيع,2,curated
صانع محتوى,job,ينشر محتوى رقمياً,يُنتج وينشر مواد إعلامية على المنصات الرقمية,2,curated
مؤثر رقمي,job,يؤثر في الجمهور عبر الإنترنت,شخصية رقمية تُوجّه قرارات جمهورها,2,curated
مذيع إذاعي,job,يُقدّم برامج الراديو,يتحدث أمام الميكروفون ويُدير البرامج الإذاعية,2,curated
مذيع تلفزيوني,job,يُقدّم برامج التلفزيون,يظهر أمام الكاميرا ويُقدّم المحتوى التلفزيوني,2,curated
مصور صحفي,job,يوثّق الأحداث بالصورة,يلتقط صور الأخبار لتُنشر في الصحافة,2,curated
مصور إعلانات,job,يُصوّر المنتجات للإعلانات,متخصص في التصوير التجاري والإعلاني,2,curated
طاهي شخصي,job,يطبخ للأفراد في منازلهم,طاهٍ خاص يُعدّ الوجبات في بيوت العملاء,2,curated
نادل خاص,job,يخدم في فعاليات خاصة,مضيف محترف يُقدّم الطعام والشراب في المناسبات,2,curated
خبير قهوة,job,يُتقن تحضير القهوة,متخصص في أنواع البن وأساليب التحضير,2,curated
خبير شاي,job,يُتقن أنواع الشاي,متخصص في أصناف الشاي وطرق تقديمه,2,curated
خبير عطور,job,يُركّب العطور,متخصص في المكونات العطرية وصياغة العطور,2,curated
خبير نبيذ,job,يُقيّم أنواع النبيذ,متخصص في تذوق النبيذ وتقييم جودته,2,curated
