النيل,river,أطول أنهار العالم يصبّ في البحر المتوسط,definition,2,curated
الأمازون,river,أوسع نهر في أمريكا الجنوبية,definition,2,curated
الميسيسيبي,river,أطول أنهار أمريكا الشمالية,definition,2,curated
الفولغا,river,أطول أنهار أوروبا يصبّ في بحر قزوين,definition,2,curated
الدانوب,river,نهر يعبر عشر دول أوروبية,definition,2,curated
الراين,river,نهر غرب أوروبا يمرّ بألمانيا,definition,2,curated
السين,river,نهر باريس عاصمة فرنسا,definition,2,curated
التايمز,river,نهر لندن عاصمة بريطانيا,definition,2,curated
اليانغتسي,river,أطول أنهار الصين,definition,2,curated
الميكونغ,river,نهر جنوب شرق آسيا يمرّ بست دول,definition,2,curated
الإندوس,river,نهر باكستان الكبير,definition,2,curated
الغانج,river,النهر المقدس عند الهندوس,definition,2,curated
البرهمابوترا,river,نهر يمرّ بالهند وبنغلاديش,definition,2,curated
الكونغو,river,أعمق أنهار العالم في أفريقيا,definition,2,curated
الزامبيزي,river,نهر أفريقي تقع عليه شلالات فيكتوريا,definition,2,curated
الأورنج,river,نهر جنوب أفريقيا,definition,2,curated
الزائير,river,اسم سابق لنهر الكونغو,definition,2,curated
الأوبي,river,نهر سيبيريا الغربي الكبير,definition,2,curated
الينيسي,river,نهر سيبيريا يصبّ في المحيط المتجمد,definition,2,curated
النيجر,river,نهر غرب أفريقيا يمرّ بنيجيريا,definition,2,curated
السنغال,river,نهر يفصل السنغال عن موريتانيا,definition,2,curated
النهر الأصفر,river,النهر الثاني في الصين من حيث الطول,definition,2,curated
الهوانغ هي,river,اسم آخر للنهر الأصفر في الصين,definition,2,curated
الدنيستر,river,نهر يمرّ بمولدوفا وأوكرانيا,definition,2,curated
الدنيبر,river,نهر أوكرانيا الرئيسي,definition,2,curated
الدون,river,نهر روسيا الجنوبي يصبّ في بحر آزوف,definition,2,curated
الأورال,river,نهر يفصل أوروبا عن آسيا,definition,2,curated
الأمور,river,نهر يمثّل حدود روسيا والصين,definition,2,curated
اللينا,river,نهر سيبيريا الشرقي الطويل,definition,2,curated
الإيراوادي,river,النهر الرئيسي في ميانمار,definition,2,curated
السلوين,river,نهر يمرّ بميانمار وتايلاند,definition,2,curated
الستلج,river,نهر يمرّ بالهند وباكستان,definition,2,curated
التشيناب,river,نهر من روافد نهر الإندوس,definition,2,curated
السند,river,نهر باكستان الرئيسي,definition,2,curated
سان لورنس,river,نهر يربط البحيرات العظمى بالمحيط الأطلسي,definition,2,curated
يوكون,river,نهر ألاسكا وكندا الشمالي,definition,2,curated
كولومبيا,river,نهر الساحل الغربي لأمريكا الشمالية,definition,2,curated
ريو غراندي,river,نهر يمثّل حدود المكسيك والولايات المتحدة,definition,2,curated
الفرات,river,نهر العراق يسير جنب دجلة,definition,2,curated
دجلة,river,نهر العراق الكبير يصبّ في الخليج,definition,2,curated
الأردن,river,نهر يصبّ في البحر الميت,definition,2,curated
العاصي,river,نهر سوري يجري نحو الشمال,definition,2,curated
بردى,river,نهر دمشق العاصمة السورية,definition,2,curated
زرقا,river,نهر أردني رافد لنهر الأردن,definition,2,curated
سبو,river,أكبر أنهار شمال المغرب,definition,2,curated
أم الربيع,river,نهر مغربي يصبّ في المحيط الأطلسي,definition,2,curated
ملوية,river,نهر شرق المغرب يصبّ في البحر المتوسط,definition,2,curated
نهر مور,river,رافد من روافد نهر الراين,definition,2,curated
الأوكافانغو,river,نهر أفريقي يصبّ في دلتا داخلية,definition,2,curated
الليمبوبو,river,نهر جنوب أفريقيا يصبّ في المحيط الهندي,definition,2,curated
الفيكتوريا نايل,river,رافد النيل الخارج من بحيرة فيكتوريا,definition,2,curated
النيل الأزرق,river,رافد النيل الرئيسي ينبع من إثيوبيا,definition,2,curated
النيل الأبيض,river,رافد النيل ينبع من أفريقيا الوسطى,definition,2,curated
عطبرة,river,آخر روافد النيل قبل البحر المتوسط,definition,2,curated
السوباط,river,رافد للنيل الأبيض في السودان,definition,2,curated
الشاري,river,نهر أفريقي يصبّ في بحيرة تشاد,definition,2,curated
النيجر الأسود,river,رافد لنهر النيجر في غرب أفريقيا,definition,2,curated
الكوكو,river,رافد للنيل في جنوب السودان,definition,2,curated
الكابول,river,نهر أفغانستان يصبّ في الإندوس,definition,2,curated
هلمند,river,أطول أنهار أفغانستان,definition,2,curated
السيحون,river,نهر آسيا الوسطى التاريخي,definition,2,curated
الجيحون,river,نهر آسيا الوسطى يصبّ في بحر آرال,definition,2,curated
كور,river,نهر أذربيجان الرئيسي,definition,2,curated
أراس,river,نهر يمثّل حدود أرمينيا وإيران,definition,2,curated
الكارون,river,النهر الملاحي الوحيد في إيران,definition,2,curated
زاينده رود,river,نهر أصفهان في إيران,definition,2,curated
الماكنزي,river,أطول أنهار كندا,definition,2,curated
ألبرتا,river,نهر كندي يصبّ في خليج هدسون,definition,2,curated
ساكرامنتو,river,نهر ولاية كاليفورنيا الأمريكية,definition,2,curated
كولورادو,river,نهر حفر الوادي الكبير في أمريكا,definition,2,curated
أوهايو,river,رافد للميسيسيبي في الولايات المتحدة,definition,2,curated
المسوري,river,أطول روافد الميسيسيبي,definition,2,curated
أركنساس,river,نهر يمرّ بولاية أركنساس الأمريكية,definition,2,curated
باراغواي,river,نهر أمريكا الجنوبية رافد للبارانا,definition,2,curated
البارانا,river,نهر أمريكا الجنوبية يصبّ في لابلاتا,definition,2,curated
أورينوكو,river,نهر فنزويلا الكبير,definition,2,curated
توكانتينس,river,نهر برازيلي يصبّ في خليج مرجو,definition,2,curated
إيبيري,river,نهر شبه الجزيرة الإيبيرية في إسبانيا,definition,2,curated
التاجه,river,أطول أنهار شبه الجزيرة الإيبيرية,definition,2,curated
الدوريو,river,نهر يصبّ في المحيط الأطلسي بالبرتغال,definition,2,curated
