كرة قدم,sport,لعبة جماعية بالكرة والقدم,definition,2,curated
كرة سلة,sport,لعبة إدخال الكرة بسلة,definition,2,curated
كرة طائرة,sport,لعبة فوق شبكة عالية,definition,2,curated
كرة يد,sport,لعبة تمرير الكرة باليد,definition,2,curated
تنس,sport,رياضة ضرب الكرة بمضرب,definition,2,curated
تنس طاولة,sport,تنس يلعب على طاولة,definition,2,curated
إسكواش,sport,رياضة ضرب الكرة بالجدار,definition,2,curated
بيسبول,sport,لعبة أمريكية بمضرب وكرة,definition,2,curated
رغبي,sport,لعبة جماعية ببيضاوي,definition,2,curated
هوكي,sport,لعبة يلعب بعصا وقرص,definition,2,curated
غولف,sport,رياضة ضرب الكرة بعصا,definition,2,curated
بلياردو,sport,لعبة دفع الكرات بعصا,definition,2,curated
بولينغ,sport,إسقاط أقماع بكرة,definition,2,curated
شطرنج,sport,لعبة تفكير بقطع على رقعة,definition,2,curated
داما,sport,لعبة رقعة بقطع متحركة,definition,2,curated
سباحة,sport,تحرك في الماء بالجسم,definition,2,curated
غطس,sport,نزول في الماء من ارتفاع,definition,2,curated
إبحار,sport,التنقل بالقارب أو اليخت,definition,2,curated
تجديف,sport,دفع القارب بالمجاديف,definition,2,curated
ملاكمة,sport,رياضة اللكم بالقفازات,definition,2,curated
مصارعة,sport,رياضة إسقاط الخصم,definition,2,curated
جودو,sport,فن قتال ياباني للمصارعة,definition,2,curated
كاراتيه,sport,فن قتال ياباني بالأيدي,definition,2,curated
تايكواندو,sport,فن قتال كوري بالركلات,definition,2,curated
كونغ فو,sport,فن قتال صيني,definition,2,curated
فروسية,sport,رياضة ركوب الخيل,definition,2,curated
رماية,sport,إصابة هدف بالرصاص,definition,2,curated
قوس وسهم,sport,رياضة الرمي بالقوس,definition,2,curated
جمباز,sport,رياضة المهارات الجسدية,definition,2,curated
رفع أثقال,sport,رياضة حمل الأوزان الثقيلة,definition,2,curated
عدو,sport,الجري بأقصى سرعة,definition,2,curated
قفز عال,sport,تخطي عارضة عالية,definition,2,curated
قفز طويل,sport,القفز لأبعد مسافة,definition,2,curated
قفز بالزانة,sport,قفز بعصا مرنة,definition,2,curated
رمي رمح,sport,رياضة إلقاء الحربة,definition,2,curated
رمي قرص,sport,رياضة إلقاء قرص دائري,definition,2,curated
رمي مطرقة,sport,رياضة إلقاء الكرة الحديدية,definition,2,curated
ماراثون,sport,سباق جري طويل المسافة,definition,2,curated
دراجة,sport,رياضة ركوب العجلة,definition,2,curated
تزلج,sport,الانزلاق على الثلج,definition,2,curated
هدف,sport,إدخال الكرة في المرمى,definition,2,curated
فوز,sport,تحقيق نتيجة أفضل من الخصم,definition,2,curated
خسارة,sport,الهزيمة في المباراة,definition,2,curated
تعادل,sport,تساوي النتيجة بين الفريقين,definition,2,curated
نقطة,sport,وحدة حساب النتيجة,definition,2,curated
شوط,sport,نصف وقت المباراة,definition,2,curated
فترة,sport,قسم زمني من المباراة,definition,2,curated
ركلة,sport,ضرب الكرة بالقدم,definition,2,curated
تمريرة,sport,إرسال الكرة لزميل,definition,2,curated
تسديدة,sport,ضرب الكرة نحو المرمى,definition,2,curated
تصدي,sport,منع إدخال الكرة في المرمى,definition,2,curated
مخالفة,sport,خرق قاعدة في اللعب,definition,2,curated
إنذار,sport,تحذير الحكم للاعب,definition,2,curated
طرد,sport,إبعاد اللاعب من الملعب,definition,2,curated
حكم مساعد,sport,مساعد الحكم الرئيسي,definition,2,curated
خط,sport,حد يرسم حدود الملعب,definition,2,curated
مدرج,sport,مقاعد متدرجة للمتفرجين,definition,2,curated
تمرين,sport,نشاط لتطوير المهارة,definition,2,curated
تدريب,sport,إعداد الرياضي للمنافسة,definition,2,curated
إحماء,sport,تمارين قبل المنافسة,definition,2,curated
كرة,sport,أداة كروية للرياضة,definition,2,curated
مضرب,sport,أداة ضرب الكرة في التنس,definition,2,curated
مرمى,sport,الإطار الذي تدخل فيه الكرة,definition,2,curated
قفازات,sport,غطاء اليد في الملاكمة,definition,2,curated
خوذة,sport,غطاء الرأس الواقي,definition,2,curated
حذاء رياضي,sport,حذاء مخصص للرياضة,definition,2,curated
زي رياضي,sport,لباس خاص بالرياضة,definition,2,curated
فانيلة,sport,قميص رياضي,definition,2,curated
شورت,sport,بنطلون رياضي قصير,definition,2,curated
كأس,sport,جائزة المسابقة الكبرى,definition,2,curated
بطولة,sport,منافسة رياضية كبرى,definition,2,curated
دوري,sport,منافسة موسمية بين الفرق,definition,2,curated
أولمبياد,sport,بطولة رياضية عالمية,definition,2,curated
ميدالية,sport,وسام يمنح للفائز,definition,2,curated
ذهبية,sport,ميدالية المركز الأول,definition,2,curated
فضية,sport,ميدالية المركز الثاني,definition,2,curated
برونزية,sport,ميدالية المركز الثالث,definition,2,curated
يوغا,sport,رياضة التأمل والتمدد,definition,2,curated
رياضة بدنية,sport,نشاط جسدي منظم,definition,2,curated
حارس مرمى,sport,من يحمي مرمى الفريق,definition,2,curated
لاعب,sport,من يشارك في المباراة,definition,2,curated
فريق,sport,مجموعة لاعبين يلعبون معا,definition,2,curated
مدرب,sport,من يشرف على تدريب الفريق,definition,2,curated
سباق,sport,منافسة في السرعة,definition,2,curated
منافسة,sport,تحديات بين رياضيين,definition,2,curated
ملعب,sport,مكان إقامة المباراة,definition,2,curated
بركة سباحة,sport,حوض ماء للسباحة,definition,2,curated
حلبة,sport,ميدان الملاكمة أو المصارعة,definition,2,curated
ميدان,sport,فضاء لممارسة الرياضة,definition,2,curated
ناد,sport,جمعية رياضية منظمة,definition,2,curated
مشجع,sport,متفرج يدعم فريقه,definition,2,curated
تحكيم,sport,إدارة المباراة بالقواعد,definition,2,curated
لياقة,sport,جاهزية الجسم للرياضة,definition,2,curated
سجل,sport,عدد الأهداف أو النقاط,definition,2,curated
دفاع,sport,الحماية من الخصم,definition,2,curated
هجوم,sport,محاولة إحراز النقاط,definition,2,curated
تمديد,sport,وقت إضافي في المباراة,definition,2,curated
ركلة جزاء,sport,ركلة من نقطة العقوبة,definition,2,curated
تسجيل,sport,إحراز نقطة في المباراة,definition,2,curated
استراحة,sport,توقف مؤقت بين الأشواط,definition,2,curated
